<?xml version="1.0"?>
<doc>
    <assembly>
        <name>Microsoft.EntityFrameworkCore.Sqlite</name>
    </assembly>
    <members>
        <member name="T:Microsoft.EntityFrameworkCore.Design.Internal.SqliteDesignTimeServices">
            <summary>
                This API supports the Entity Framework Core infrastructure and is not intended to be used
                directly from your code. This API may change or be removed in future releases.
            </summary>
        </member>
        <member name="M:Microsoft.EntityFrameworkCore.Design.Internal.SqliteDesignTimeServices.ConfigureDesignTimeServices(Microsoft.Extensions.DependencyInjection.IServiceCollection)">
            <summary>
                This API supports the Entity Framework Core infrastructure and is not intended to be used
                directly from your code. This API may change or be removed in future releases.
            </summary>
        </member>
        <member name="T:Microsoft.EntityFrameworkCore.Diagnostics.SqliteEventId">
            <summary>
                <para>
                    Event IDs for SQLite events that correspond to messages logged to an <see cref="T:Microsoft.Extensions.Logging.ILogger" />
                    and events sent to a <see cref="T:System.Diagnostics.DiagnosticSource" />.
                </para>
                <para>
                    These IDs are also used with <see cref="T:Microsoft.EntityFrameworkCore.Diagnostics.WarningsConfigurationBuilder" /> to configure the
                    behavior of warnings.
                </para>
            </summary>
        </member>
        <member name="F:Microsoft.EntityFrameworkCore.Diagnostics.SqliteEventId.SchemaConfiguredWarning">
            <summary>
                <para>
                    A schema was configured for an entity type, but SQLite does not support schemas.
                </para>
                <para>
                    This event is in the <see cref="T:Microsoft.EntityFrameworkCore.DbLoggerCategory.Model.Validation" /> category.
                </para>
                <para>
                    This event uses the <see cref="T:Microsoft.EntityFrameworkCore.Diagnostics.EntityTypeSchemaEventData" /> payload when used with a <see cref="T:System.Diagnostics.DiagnosticSource" />.
                </para>
            </summary>
        </member>
        <member name="F:Microsoft.EntityFrameworkCore.Diagnostics.SqliteEventId.SequenceConfiguredWarning">
            <summary>
                <para>
                    A sequence was configured for an entity type, but SQLite does not support sequences.
                </para>
                <para>
                    This event is in the <see cref="T:Microsoft.EntityFrameworkCore.DbLoggerCategory.Model.Validation" /> category.
                </para>
                <para>
                    This event uses the <see cref="T:Microsoft.EntityFrameworkCore.Diagnostics.SequenceEventData" /> payload when used with a <see cref="T:System.Diagnostics.DiagnosticSource" />.
                </para>
            </summary>
        </member>
        <member name="F:Microsoft.EntityFrameworkCore.Diagnostics.SqliteEventId.ColumnFound">
            <summary>
                A column was found.
                This event is in the <see cref="T:Microsoft.EntityFrameworkCore.DbLoggerCategory.Scaffolding" /> category.
            </summary>
        </member>
        <member name="F:Microsoft.EntityFrameworkCore.Diagnostics.SqliteEventId.SchemasNotSupportedWarning">
            <summary>
                SQLite does not support schemas.
                This event is in the <see cref="T:Microsoft.EntityFrameworkCore.DbLoggerCategory.Scaffolding" /> category.
            </summary>
        </member>
        <member name="F:Microsoft.EntityFrameworkCore.Diagnostics.SqliteEventId.ForeignKeyReferencesMissingTableWarning">
            <summary>
                A foreign key references a missing table.
                This event is in the <see cref="T:Microsoft.EntityFrameworkCore.DbLoggerCategory.Scaffolding" /> category.
            </summary>
        </member>
        <member name="F:Microsoft.EntityFrameworkCore.Diagnostics.SqliteEventId.TableFound">
            <summary>
                A table was found.
                This event is in the <see cref="T:Microsoft.EntityFrameworkCore.DbLoggerCategory.Scaffolding" /> category.
            </summary>
        </member>
        <member name="F:Microsoft.EntityFrameworkCore.Diagnostics.SqliteEventId.MissingTableWarning">
            <summary>
                The database is missing a table.
                This event is in the <see cref="T:Microsoft.EntityFrameworkCore.DbLoggerCategory.Scaffolding" /> category.
            </summary>
        </member>
        <member name="F:Microsoft.EntityFrameworkCore.Diagnostics.SqliteEventId.ForeignKeyPrincipalColumnMissingWarning">
            <summary>
                A column referenced by a foreign key constraint was not found.
                This event is in the <see cref="T:Microsoft.EntityFrameworkCore.DbLoggerCategory.Scaffolding" /> category.
            </summary>
        </member>
        <member name="F:Microsoft.EntityFrameworkCore.Diagnostics.SqliteEventId.IndexFound">
            <summary>
                An index was found.
                This event is in the <see cref="T:Microsoft.EntityFrameworkCore.DbLoggerCategory.Scaffolding" /> category.
            </summary>
        </member>
        <member name="F:Microsoft.EntityFrameworkCore.Diagnostics.SqliteEventId.ForeignKeyFound">
            <summary>
                A foreign key was found.
                This event is in the <see cref="T:Microsoft.EntityFrameworkCore.DbLoggerCategory.Scaffolding" /> category.
            </summary>
        </member>
        <member name="F:Microsoft.EntityFrameworkCore.Diagnostics.SqliteEventId.PrimaryKeyFound">
            <summary>
                A primary key was found.
                This event is in the <see cref="T:Microsoft.EntityFrameworkCore.DbLoggerCategory.Scaffolding" /> category.
            </summary>
        </member>
        <member name="F:Microsoft.EntityFrameworkCore.Diagnostics.SqliteEventId.UniqueConstraintFound">
            <summary>
                A unique constraint was found.
                This event is in the <see cref="T:Microsoft.EntityFrameworkCore.DbLoggerCategory.Scaffolding" /> category.
            </summary>
        </member>
        <member name="T:Microsoft.EntityFrameworkCore.Infrastructure.Internal.SqliteOptionsExtension">
            <summary>
                This API supports the Entity Framework Core infrastructure and is not intended to be used
                directly from your code. This API may change or be removed in future releases.
            </summary>
        </member>
        <member name="M:Microsoft.EntityFrameworkCore.Infrastructure.Internal.SqliteOptionsExtension.#ctor">
            <summary>
                This API supports the Entity Framework Core infrastructure and is not intended to be used
                directly from your code. This API may change or be removed in future releases.
            </summary>
        </member>
        <member name="M:Microsoft.EntityFrameworkCore.Infrastructure.Internal.SqliteOptionsExtension.#ctor(Microsoft.EntityFrameworkCore.Infrastructure.Internal.SqliteOptionsExtension)">
            <summary>
                This API supports the Entity Framework Core infrastructure and is not intended to be used
                directly from your code. This API may change or be removed in future releases.
            </summary>
        </member>
        <member name="M:Microsoft.EntityFrameworkCore.Infrastructure.Internal.SqliteOptionsExtension.Clone">
            <summary>
                This API supports the Entity Framework Core infrastructure and is not intended to be used
                directly from your code. This API may change or be removed in future releases.
            </summary>
        </member>
        <member name="P:Microsoft.EntityFrameworkCore.Infrastructure.Internal.SqliteOptionsExtension.EnforceForeignKeys">
            <summary>
                This API supports the Entity Framework Core infrastructure and is not intended to be used
                directly from your code. This API may change or be removed in future releases.
            </summary>
        </member>
        <member name="M:Microsoft.EntityFrameworkCore.Infrastructure.Internal.SqliteOptionsExtension.WithEnforceForeignKeys(System.Boolean)">
            <summary>
                This API supports the Entity Framework Core infrastructure and is not intended to be used
                directly from your code. This API may change or be removed in future releases.
            </summary>
        </member>
        <member name="M:Microsoft.EntityFrameworkCore.Infrastructure.Internal.SqliteOptionsExtension.ApplyServices(Microsoft.Extensions.DependencyInjection.IServiceCollection)">
            <summary>
                This API supports the Entity Framework Core infrastructure and is not intended to be used
                directly from your code. This API may change or be removed in future releases.
            </summary>
        </member>
        <member name="P:Microsoft.EntityFrameworkCore.Infrastructure.Internal.SqliteOptionsExtension.LogFragment">
            <summary>
                This API supports the Entity Framework Core infrastructure and is not intended to be used
                directly from your code. This API may change or be removed in future releases.
            </summary>
        </member>
        <member name="T:Microsoft.EntityFrameworkCore.Infrastructure.SqliteDbContextOptionsBuilder">
            <summary>
                <para>
                    Allows SQLite specific configuration to be performed on <see cref="T:Microsoft.EntityFrameworkCore.DbContextOptions" />.
                </para>
                <para>
                    Instances of this class are returned from a call to
                    <see
                        cref="M:Microsoft.EntityFrameworkCore.SqliteDbContextOptionsBuilderExtensions.UseSqlite(Microsoft.EntityFrameworkCore.DbContextOptionsBuilder,System.String,System.Action{Microsoft.EntityFrameworkCore.Infrastructure.SqliteDbContextOptionsBuilder})" />
                    and it is not designed to be directly constructed in your application code.
                </para>
            </summary>
        </member>
        <member name="M:Microsoft.EntityFrameworkCore.Infrastructure.SqliteDbContextOptionsBuilder.#ctor(Microsoft.EntityFrameworkCore.DbContextOptionsBuilder)">
            <summary>
                Initializes a new instance of the <see cref="T:Microsoft.EntityFrameworkCore.Infrastructure.SqliteDbContextOptionsBuilder" /> class.
            </summary>
            <param name="optionsBuilder"> The options builder. </param>
        </member>
        <member name="M:Microsoft.EntityFrameworkCore.Infrastructure.SqliteDbContextOptionsBuilder.SuppressForeignKeyEnforcement(System.Boolean)">
            <summary>
                Suppresses enforcement of foreign keys in the database.
            </summary>
            <returns> The same builder instance so that multiple calls can be chained. </returns>
        </member>
        <member name="M:Microsoft.EntityFrameworkCore.Internal.SqliteLoggerExtensions.SchemaConfiguredWarning(Microsoft.EntityFrameworkCore.Diagnostics.IDiagnosticsLogger{Microsoft.EntityFrameworkCore.DbLoggerCategory.Model.Validation},Microsoft.EntityFrameworkCore.Metadata.IEntityType,System.String)">
            <summary>
                This API supports the Entity Framework Core infrastructure and is not intended to be used
                directly from your code. This API may change or be removed in future releases.
            </summary>
        </member>
        <member name="M:Microsoft.EntityFrameworkCore.Internal.SqliteLoggerExtensions.SequenceConfiguredWarning(Microsoft.EntityFrameworkCore.Diagnostics.IDiagnosticsLogger{Microsoft.EntityFrameworkCore.DbLoggerCategory.Model.Validation},Microsoft.EntityFrameworkCore.Metadata.ISequence)">
            <summary>
                This API supports the Entity Framework Core infrastructure and is not intended to be used
                directly from your code. This API may change or be removed in future releases.
            </summary>
        </member>
        <member name="M:Microsoft.EntityFrameworkCore.Internal.SqliteLoggerExtensions.ColumnFound(Microsoft.EntityFrameworkCore.Diagnostics.IDiagnosticsLogger{Microsoft.EntityFrameworkCore.DbLoggerCategory.Scaffolding},System.String,System.String,System.String,System.Boolean,System.String)">
            <summary>
                This API supports the Entity Framework Core infrastructure and is not intended to be used
                directly from your code. This API may change or be removed in future releases.
            </summary>
        </member>
        <member name="M:Microsoft.EntityFrameworkCore.Internal.SqliteLoggerExtensions.SchemasNotSupportedWarning(Microsoft.EntityFrameworkCore.Diagnostics.IDiagnosticsLogger{Microsoft.EntityFrameworkCore.DbLoggerCategory.Scaffolding})">
            <summary>
                This API supports the Entity Framework Core infrastructure and is not intended to be used
                directly from your code. This API may change or be removed in future releases.
            </summary>
        </member>
        <member name="M:Microsoft.EntityFrameworkCore.Internal.SqliteLoggerExtensions.ForeignKeyReferencesMissingTableWarning(Microsoft.EntityFrameworkCore.Diagnostics.IDiagnosticsLogger{Microsoft.EntityFrameworkCore.DbLoggerCategory.Scaffolding},System.String)">
            <summary>
                This API supports the Entity Framework Core infrastructure and is not intended to be used
                directly from your code. This API may change or be removed in future releases.
            </summary>
        </member>
        <member name="M:Microsoft.EntityFrameworkCore.Internal.SqliteLoggerExtensions.TableFound(Microsoft.EntityFrameworkCore.Diagnostics.IDiagnosticsLogger{Microsoft.EntityFrameworkCore.DbLoggerCategory.Scaffolding},System.String)">
            <summary>
                This API supports the Entity Framework Core infrastructure and is not intended to be used
                directly from your code. This API may change or be removed in future releases.
            </summary>
        </member>
        <member name="M:Microsoft.EntityFrameworkCore.Internal.SqliteLoggerExtensions.MissingTableWarning(Microsoft.EntityFrameworkCore.Diagnostics.IDiagnosticsLogger{Microsoft.EntityFrameworkCore.DbLoggerCategory.Scaffolding},System.String)">
            <summary>
                This API supports the Entity Framework Core infrastructure and is not intended to be used
                directly from your code. This API may change or be removed in future releases.
            </summary>
        </member>
        <member name="M:Microsoft.EntityFrameworkCore.Internal.SqliteLoggerExtensions.ForeignKeyPrincipalColumnMissingWarning(Microsoft.EntityFrameworkCore.Diagnostics.IDiagnosticsLogger{Microsoft.EntityFrameworkCore.DbLoggerCategory.Scaffolding},System.String,System.String,System.String,System.String)">
            <summary>
                This API supports the Entity Framework Core infrastructure and is not intended to be used
                directly from your code. This API may change or be removed in future releases.
            </summary>
        </member>
        <member name="M:Microsoft.EntityFrameworkCore.Internal.SqliteLoggerExtensions.IndexFound(Microsoft.EntityFrameworkCore.Diagnostics.IDiagnosticsLogger{Microsoft.EntityFrameworkCore.DbLoggerCategory.Scaffolding},System.String,System.String,System.Nullable{System.Boolean})">
            <summary>
                This API supports the Entity Framework Core infrastructure and is not intended to be used
                directly from your code. This API may change or be removed in future releases.
            </summary>
        </member>
        <member name="M:Microsoft.EntityFrameworkCore.Internal.SqliteLoggerExtensions.ForeignKeyFound(Microsoft.EntityFrameworkCore.Diagnostics.IDiagnosticsLogger{Microsoft.EntityFrameworkCore.DbLoggerCategory.Scaffolding},System.String,System.Int64,System.String,System.String)">
            <summary>
                This API supports the Entity Framework Core infrastructure and is not intended to be used
                directly from your code. This API may change or be removed in future releases.
            </summary>
        </member>
        <member name="M:Microsoft.EntityFrameworkCore.Internal.SqliteLoggerExtensions.PrimaryKeyFound(Microsoft.EntityFrameworkCore.Diagnostics.IDiagnosticsLogger{Microsoft.EntityFrameworkCore.DbLoggerCategory.Scaffolding},System.String,System.String)">
            <summary>
                This API supports the Entity Framework Core infrastructure and is not intended to be used
                directly from your code. This API may change or be removed in future releases.
            </summary>
        </member>
        <member name="M:Microsoft.EntityFrameworkCore.Internal.SqliteLoggerExtensions.UniqueConstraintFound(Microsoft.EntityFrameworkCore.Diagnostics.IDiagnosticsLogger{Microsoft.EntityFrameworkCore.DbLoggerCategory.Scaffolding},System.String,System.String)">
            <summary>
                This API supports the Entity Framework Core infrastructure and is not intended to be used
                directly from your code. This API may change or be removed in future releases.
            </summary>
        </member>
        <member name="T:Microsoft.EntityFrameworkCore.Internal.SqliteStrings">
            <summary>
            	This API supports the Entity Framework Core infrastructure and is not intended to be used
                directly from your code. This API may change or be removed in future releases.
            </summary>
        </member>
        <member name="M:Microsoft.EntityFrameworkCore.Internal.SqliteStrings.InvalidMigrationOperation(System.Object)">
            <summary>
                SQLite does not support this migration operation ('{operation}'). For more information, see http://go.microsoft.com/fwlink/?LinkId=723262.
            </summary>
        </member>
        <member name="P:Microsoft.EntityFrameworkCore.Internal.SqliteStrings.MigrationScriptGenerationNotSupported">
            <summary>
                Generating idempotent scripts for migration is not currently supported by SQLite. For more information, see http://go.microsoft.com/fwlink/?LinkId=723262.
            </summary>
        </member>
        <member name="F:Microsoft.EntityFrameworkCore.Internal.SqliteStrings.LogSchemaConfigured">
            <summary>
                The entity type '{entityType}' is configured to use schema '{schema}'. SQLite does not support schemas. This configuration will be ignored by the SQLite provider.
            </summary>
        </member>
        <member name="F:Microsoft.EntityFrameworkCore.Internal.SqliteStrings.LogSequenceConfigured">
            <summary>
                The model was configured with the database sequence '{sequence}'. SQLite does not support sequences.
            </summary>
        </member>
        <member name="P:Microsoft.EntityFrameworkCore.Internal.SqliteStrings.SequencesNotSupported">
            <summary>
                SQLite does not support sequences. For more information, see http://go.microsoft.com/fwlink/?LinkId=723262.
            </summary>
        </member>
        <member name="F:Microsoft.EntityFrameworkCore.Internal.SqliteStrings.LogUsingSchemaSelectionsWarning">
            <summary>
                SQLite doesn't support schemas. The specified schema selection arguments will be ignored.
            </summary>
        </member>
        <member name="F:Microsoft.EntityFrameworkCore.Internal.SqliteStrings.LogFoundColumn">
            <summary>
                Found column on table: {tableName}, column name: {columnName}, data type: {dataType}, not nullable: {isNotNullable}, default value: {defaultValue}.
            </summary>
        </member>
        <member name="F:Microsoft.EntityFrameworkCore.Internal.SqliteStrings.LogFoundForeignKey">
            <summary>
                Found foreign key on table: {tableName}, id: {id}, principal table: {principalTableName}, delete action: {deleteAction}.
            </summary>
        </member>
        <member name="F:Microsoft.EntityFrameworkCore.Internal.SqliteStrings.LogForeignKeyScaffoldErrorPrincipalTableNotFound">
            <summary>
                Could not scaffold the foreign key '{foreignKeyName}'. The referenced table could not be found. This most likely occurred because the referenced table was excluded from scaffolding.
            </summary>
        </member>
        <member name="F:Microsoft.EntityFrameworkCore.Internal.SqliteStrings.LogFoundTable">
            <summary>
                Found table with name: {name}.
            </summary>
        </member>
        <member name="F:Microsoft.EntityFrameworkCore.Internal.SqliteStrings.LogMissingTable">
            <summary>
                Unable to find a table in the database matching the selected table {table}.
            </summary>
        </member>
        <member name="F:Microsoft.EntityFrameworkCore.Internal.SqliteStrings.LogPrincipalColumnNotFound">
            <summary>
                For foreign key with identity {id} on table {tableName}, unable to find the column called {principalColumnName} on the foreign key's principal table, {principaltableName}. Skipping foreign key.
            </summary>
        </member>
        <member name="F:Microsoft.EntityFrameworkCore.Internal.SqliteStrings.LogFoundIndex">
            <summary>
                Found index with name: {indexName}, table: {tableName}, is unique: {isUnique}.
            </summary>
        </member>
        <member name="F:Microsoft.EntityFrameworkCore.Internal.SqliteStrings.LogFoundPrimaryKey">
            <summary>
                Found primary key with name: {primaryKeyName}, table: {tableName}.
            </summary>
        </member>
        <member name="F:Microsoft.EntityFrameworkCore.Internal.SqliteStrings.LogFoundUniqueConstraint">
            <summary>
                Found unique constraint with name: {uniqueConstraintName}, table: {tableName}.
            </summary>
        </member>
        <member name="T:Microsoft.EntityFrameworkCore.Metadata.Internal.SqliteAnnotationNames">
            <summary>
                This API supports the Entity Framework Core infrastructure and is not intended to be used
                directly from your code. This API may change or be removed in future releases.
            </summary>
        </member>
        <member name="F:Microsoft.EntityFrameworkCore.Metadata.Internal.SqliteAnnotationNames.Prefix">
            <summary>
                This API supports the Entity Framework Core infrastructure and is not intended to be used
                directly from your code. This API may change or be removed in future releases.
            </summary>
        </member>
        <member name="F:Microsoft.EntityFrameworkCore.Metadata.Internal.SqliteAnnotationNames.LegacyAutoincrement">
            <summary>
                This API supports the Entity Framework Core infrastructure and is not intended to be used
                directly from your code. This API may change or be removed in future releases.
            </summary>
        </member>
        <member name="F:Microsoft.EntityFrameworkCore.Metadata.Internal.SqliteAnnotationNames.Autoincrement">
            <summary>
                This API supports the Entity Framework Core infrastructure and is not intended to be used
                directly from your code. This API may change or be removed in future releases.
            </summary>
        </member>
        <member name="F:Microsoft.EntityFrameworkCore.Metadata.Internal.SqliteAnnotationNames.InlinePrimaryKey">
            <summary>
                This API supports the Entity Framework Core infrastructure and is not intended to be used
                directly from your code. This API may change or be removed in future releases.
            </summary>
        </member>
        <member name="F:Microsoft.EntityFrameworkCore.Metadata.Internal.SqliteAnnotationNames.InlinePrimaryKeyName">
            <summary>
                This API supports the Entity Framework Core infrastructure and is not intended to be used
                directly from your code. This API may change or be removed in future releases.
            </summary>
        </member>
        <member name="T:Microsoft.EntityFrameworkCore.Metadata.Internal.SqliteInternalMetadataBuilderExtensions">
            <summary>
                This API supports the Entity Framework Core infrastructure and is not intended to be used
                directly from your code. This API may change or be removed in future releases.
            </summary>
        </member>
        <member name="M:Microsoft.EntityFrameworkCore.Metadata.Internal.SqliteInternalMetadataBuilderExtensions.Sqlite(Microsoft.EntityFrameworkCore.Metadata.Internal.InternalModelBuilder,Microsoft.EntityFrameworkCore.Metadata.Internal.ConfigurationSource)">
            <summary>
                This API supports the Entity Framework Core infrastructure and is not intended to be used
                directly from your code. This API may change or be removed in future releases.
            </summary>
        </member>
        <member name="M:Microsoft.EntityFrameworkCore.Metadata.Internal.SqliteInternalMetadataBuilderExtensions.Sqlite(Microsoft.EntityFrameworkCore.Metadata.Internal.InternalPropertyBuilder,Microsoft.EntityFrameworkCore.Metadata.Internal.ConfigurationSource)">
            <summary>
                This API supports the Entity Framework Core infrastructure and is not intended to be used
                directly from your code. This API may change or be removed in future releases.
            </summary>
        </member>
        <member name="M:Microsoft.EntityFrameworkCore.Metadata.Internal.SqliteInternalMetadataBuilderExtensions.Sqlite(Microsoft.EntityFrameworkCore.Metadata.Internal.InternalEntityTypeBuilder,Microsoft.EntityFrameworkCore.Metadata.Internal.ConfigurationSource)">
            <summary>
                This API supports the Entity Framework Core infrastructure and is not intended to be used
                directly from your code. This API may change or be removed in future releases.
            </summary>
        </member>
        <member name="M:Microsoft.EntityFrameworkCore.Metadata.Internal.SqliteInternalMetadataBuilderExtensions.Sqlite(Microsoft.EntityFrameworkCore.Metadata.Internal.InternalKeyBuilder,Microsoft.EntityFrameworkCore.Metadata.Internal.ConfigurationSource)">
            <summary>
                This API supports the Entity Framework Core infrastructure and is not intended to be used
                directly from your code. This API may change or be removed in future releases.
            </summary>
        </member>
        <member name="M:Microsoft.EntityFrameworkCore.Metadata.Internal.SqliteInternalMetadataBuilderExtensions.Sqlite(Microsoft.EntityFrameworkCore.Metadata.Internal.InternalIndexBuilder,Microsoft.EntityFrameworkCore.Metadata.Internal.ConfigurationSource)">
            <summary>
                This API supports the Entity Framework Core infrastructure and is not intended to be used
                directly from your code. This API may change or be removed in future releases.
            </summary>
        </member>
        <member name="M:Microsoft.EntityFrameworkCore.Metadata.Internal.SqliteInternalMetadataBuilderExtensions.Sqlite(Microsoft.EntityFrameworkCore.Metadata.Internal.InternalRelationshipBuilder,Microsoft.EntityFrameworkCore.Metadata.Internal.ConfigurationSource)">
            <summary>
                This API supports the Entity Framework Core infrastructure and is not intended to be used
                directly from your code. This API may change or be removed in future releases.
            </summary>
        </member>
        <member name="T:Microsoft.EntityFrameworkCore.Migrations.Internal.SqliteHistoryRepository">
            <summary>
                This API supports the Entity Framework Core infrastructure and is not intended to be used
                directly from your code. This API may change or be removed in future releases.
            </summary>
        </member>
        <member name="M:Microsoft.EntityFrameworkCore.Migrations.Internal.SqliteHistoryRepository.#ctor(Microsoft.EntityFrameworkCore.Migrations.HistoryRepositoryDependencies)">
            <summary>
                This API supports the Entity Framework Core infrastructure and is not intended to be used
                directly from your code. This API may change or be removed in future releases.
            </summary>
        </member>
        <member name="P:Microsoft.EntityFrameworkCore.Migrations.Internal.SqliteHistoryRepository.ExistsSql">
            <summary>
                This API supports the Entity Framework Core infrastructure and is not intended to be used
                directly from your code. This API may change or be removed in future releases.
            </summary>
        </member>
        <member name="M:Microsoft.EntityFrameworkCore.Migrations.Internal.SqliteHistoryRepository.InterpretExistsResult(System.Object)">
            <summary>
                This API supports the Entity Framework Core infrastructure and is not intended to be used
                directly from your code. This API may change or be removed in future releases.
            </summary>
        </member>
        <member name="M:Microsoft.EntityFrameworkCore.Migrations.Internal.SqliteHistoryRepository.GetCreateIfNotExistsScript">
            <summary>
                This API supports the Entity Framework Core infrastructure and is not intended to be used
                directly from your code. This API may change or be removed in future releases.
            </summary>
        </member>
        <member name="M:Microsoft.EntityFrameworkCore.Migrations.Internal.SqliteHistoryRepository.GetBeginIfNotExistsScript(System.String)">
            <summary>
                This API supports the Entity Framework Core infrastructure and is not intended to be used
                directly from your code. This API may change or be removed in future releases.
            </summary>
        </member>
        <member name="M:Microsoft.EntityFrameworkCore.Migrations.Internal.SqliteHistoryRepository.GetBeginIfExistsScript(System.String)">
            <summary>
                This API supports the Entity Framework Core infrastructure and is not intended to be used
                directly from your code. This API may change or be removed in future releases.
            </summary>
        </member>
        <member name="M:Microsoft.EntityFrameworkCore.Migrations.Internal.SqliteHistoryRepository.GetEndIfScript">
            <summary>
                This API supports the Entity Framework Core infrastructure and is not intended to be used
                directly from your code. This API may change or be removed in future releases.
            </summary>
        </member>
        <member name="M:Microsoft.EntityFrameworkCore.Migrations.Internal.SqliteMigrationsAnnotationProvider.#ctor(Microsoft.EntityFrameworkCore.Migrations.MigrationsAnnotationProviderDependencies)">
            <summary>
                Initializes a new instance of this class.
            </summary>
            <param name="dependencies"> Parameter object containing dependencies for this service. </param>
        </member>
        <member name="T:Microsoft.EntityFrameworkCore.Query.ExpressionTranslators.Internal.SqliteCompositeMemberTranslator">
            <summary>
                This API supports the Entity Framework Core infrastructure and is not intended to be used
                directly from your code. This API may change or be removed in future releases.
            </summary>
        </member>
        <member name="M:Microsoft.EntityFrameworkCore.Query.ExpressionTranslators.Internal.SqliteCompositeMemberTranslator.#ctor(Microsoft.EntityFrameworkCore.Query.ExpressionTranslators.RelationalCompositeMemberTranslatorDependencies)">
            <summary>
                This API supports the Entity Framework Core infrastructure and is not intended to be used
                directly from your code. This API may change or be removed in future releases.
            </summary>
        </member>
        <member name="T:Microsoft.EntityFrameworkCore.Query.ExpressionTranslators.Internal.SqliteCompositeMethodCallTranslator">
            <summary>
                This API supports the Entity Framework Core infrastructure and is not intended to be used
                directly from your code. This API may change or be removed in future releases.
            </summary>
        </member>
        <member name="M:Microsoft.EntityFrameworkCore.Query.ExpressionTranslators.Internal.SqliteCompositeMethodCallTranslator.#ctor(Microsoft.EntityFrameworkCore.Query.ExpressionTranslators.RelationalCompositeMethodCallTranslatorDependencies)">
            <summary>
                This API supports the Entity Framework Core infrastructure and is not intended to be used
                directly from your code. This API may change or be removed in future releases.
            </summary>
        </member>
        <member name="T:Microsoft.EntityFrameworkCore.Query.ExpressionTranslators.Internal.SqliteContainsOptimizedTranslator">
            <summary>
                This API supports the Entity Framework Core infrastructure and is not intended to be used
                directly from your code. This API may change or be removed in future releases.
            </summary>
        </member>
        <member name="T:Microsoft.EntityFrameworkCore.Query.ExpressionTranslators.Internal.SqliteEndsWithOptimizedTranslator">
            <summary>
                This API supports the Entity Framework Core infrastructure and is not intended to be used
                directly from your code. This API may change or be removed in future releases.
            </summary>
        </member>
        <member name="T:Microsoft.EntityFrameworkCore.Query.ExpressionTranslators.Internal.SqliteMathAbsTranslator">
            <summary>
                This API supports the Entity Framework Core infrastructure and is not intended to be used
                directly from your code. This API may change or be removed in future releases.
            </summary>
        </member>
        <member name="M:Microsoft.EntityFrameworkCore.Query.ExpressionTranslators.Internal.SqliteMathAbsTranslator.#ctor">
            <summary>
                This API supports the Entity Framework Core infrastructure and is not intended to be used
                directly from your code. This API may change or be removed in future releases.
            </summary>
        </member>
        <member name="T:Microsoft.EntityFrameworkCore.Query.ExpressionTranslators.Internal.SqliteStartsWithOptimizedTranslator">
            <summary>
                This API supports the Entity Framework Core infrastructure and is not intended to be used
                directly from your code. This API may change or be removed in future releases.
            </summary>
        </member>
        <member name="T:Microsoft.EntityFrameworkCore.Query.ExpressionTranslators.Internal.SqliteStringIsNullOrWhiteSpaceTranslator">
            <summary>
                This API supports the Entity Framework Core infrastructure and is not intended to be used
                directly from your code. This API may change or be removed in future releases.
            </summary>
        </member>
        <member name="M:Microsoft.EntityFrameworkCore.Query.ExpressionTranslators.Internal.SqliteStringIsNullOrWhiteSpaceTranslator.Translate(System.Linq.Expressions.MethodCallExpression)">
            <summary>
                This API supports the Entity Framework Core infrastructure and is not intended to be used
                directly from your code. This API may change or be removed in future releases.
            </summary>
        </member>
        <member name="T:Microsoft.EntityFrameworkCore.Query.ExpressionTranslators.Internal.SqliteStringLengthTranslator">
            <summary>
                This API supports the Entity Framework Core infrastructure and is not intended to be used
                directly from your code. This API may change or be removed in future releases.
            </summary>
        </member>
        <member name="M:Microsoft.EntityFrameworkCore.Query.ExpressionTranslators.Internal.SqliteStringLengthTranslator.Translate(System.Linq.Expressions.MemberExpression)">
            <summary>
                This API supports the Entity Framework Core infrastructure and is not intended to be used
                directly from your code. This API may change or be removed in future releases.
            </summary>
        </member>
        <member name="T:Microsoft.EntityFrameworkCore.Query.ExpressionTranslators.Internal.SqliteStringToLowerTranslator">
            <summary>
                This API supports the Entity Framework Core infrastructure and is not intended to be used
                directly from your code. This API may change or be removed in future releases.
            </summary>
        </member>
        <member name="M:Microsoft.EntityFrameworkCore.Query.ExpressionTranslators.Internal.SqliteStringToLowerTranslator.#ctor">
            <summary>
                This API supports the Entity Framework Core infrastructure and is not intended to be used
                directly from your code. This API may change or be removed in future releases.
            </summary>
        </member>
        <member name="T:Microsoft.EntityFrameworkCore.Query.ExpressionTranslators.Internal.SqliteStringToUpperTranslator">
            <summary>
                This API supports the Entity Framework Core infrastructure and is not intended to be used
                directly from your code. This API may change or be removed in future releases.
            </summary>
        </member>
        <member name="M:Microsoft.EntityFrameworkCore.Query.ExpressionTranslators.Internal.SqliteStringToUpperTranslator.#ctor">
            <summary>
                This API supports the Entity Framework Core infrastructure and is not intended to be used
                directly from your code. This API may change or be removed in future releases.
            </summary>
        </member>
        <member name="T:Microsoft.EntityFrameworkCore.Query.ExpressionTranslators.Internal.SqliteStringTrimEndTranslator">
            <summary>
                This API supports the Entity Framework Core infrastructure and is not intended to be used
                directly from your code. This API may change or be removed in future releases.
            </summary>
        </member>
        <member name="M:Microsoft.EntityFrameworkCore.Query.ExpressionTranslators.Internal.SqliteStringTrimEndTranslator.Translate(System.Linq.Expressions.MethodCallExpression)">
            <summary>
                This API supports the Entity Framework Core infrastructure and is not intended to be used
                directly from your code. This API may change or be removed in future releases.
            </summary>
        </member>
        <member name="T:Microsoft.EntityFrameworkCore.Query.ExpressionTranslators.Internal.SqliteStringTrimStartTranslator">
            <summary>
                This API supports the Entity Framework Core infrastructure and is not intended to be used
                directly from your code. This API may change or be removed in future releases.
            </summary>
        </member>
        <member name="M:Microsoft.EntityFrameworkCore.Query.ExpressionTranslators.Internal.SqliteStringTrimStartTranslator.Translate(System.Linq.Expressions.MethodCallExpression)">
            <summary>
                This API supports the Entity Framework Core infrastructure and is not intended to be used
                directly from your code. This API may change or be removed in future releases.
            </summary>
        </member>
        <member name="T:Microsoft.EntityFrameworkCore.Query.ExpressionTranslators.Internal.SqliteStringTrimTranslator">
            <summary>
                This API supports the Entity Framework Core infrastructure and is not intended to be used
                directly from your code. This API may change or be removed in future releases.
            </summary>
        </member>
        <member name="M:Microsoft.EntityFrameworkCore.Query.ExpressionTranslators.Internal.SqliteStringTrimTranslator.Translate(System.Linq.Expressions.MethodCallExpression)">
            <summary>
                This API supports the Entity Framework Core infrastructure and is not intended to be used
                directly from your code. This API may change or be removed in future releases.
            </summary>
        </member>
        <member name="T:Microsoft.EntityFrameworkCore.Query.Sql.Internal.SqliteQuerySqlGenerator">
            <summary>
                This API supports the Entity Framework Core infrastructure and is not intended to be used
                directly from your code. This API may change or be removed in future releases.
            </summary>
        </member>
        <member name="M:Microsoft.EntityFrameworkCore.Query.Sql.Internal.SqliteQuerySqlGenerator.#ctor(Microsoft.EntityFrameworkCore.Query.Sql.QuerySqlGeneratorDependencies,Microsoft.EntityFrameworkCore.Query.Expressions.SelectExpression)">
            <summary>
                This API supports the Entity Framework Core infrastructure and is not intended to be used
                directly from your code. This API may change or be removed in future releases.
            </summary>
        </member>
        <member name="M:Microsoft.EntityFrameworkCore.Query.Sql.Internal.SqliteQuerySqlGenerator.GenerateOperator(System.Linq.Expressions.Expression)">
            <summary>
                This API supports the Entity Framework Core infrastructure and is not intended to be used
                directly from your code. This API may change or be removed in future releases.
            </summary>
        </member>
        <member name="M:Microsoft.EntityFrameworkCore.Query.Sql.Internal.SqliteQuerySqlGenerator.GenerateTop(Microsoft.EntityFrameworkCore.Query.Expressions.SelectExpression)">
            <summary>
                This API supports the Entity Framework Core infrastructure and is not intended to be used
                directly from your code. This API may change or be removed in future releases.
            </summary>
        </member>
        <member name="M:Microsoft.EntityFrameworkCore.Query.Sql.Internal.SqliteQuerySqlGenerator.GenerateLimitOffset(Microsoft.EntityFrameworkCore.Query.Expressions.SelectExpression)">
            <summary>
                This API supports the Entity Framework Core infrastructure and is not intended to be used
                directly from your code. This API may change or be removed in future releases.
            </summary>
        </member>
        <member name="M:Microsoft.EntityFrameworkCore.Query.Sql.Internal.SqliteQuerySqlGeneratorFactory.#ctor(Microsoft.EntityFrameworkCore.Query.Sql.QuerySqlGeneratorDependencies)">
            <summary>
                This API supports the Entity Framework Core infrastructure and is not intended to be used
                directly from your code. This API may change or be removed in future releases.
            </summary>
        </member>
        <member name="M:Microsoft.EntityFrameworkCore.Query.Sql.Internal.SqliteQuerySqlGeneratorFactory.CreateDefault(Microsoft.EntityFrameworkCore.Query.Expressions.SelectExpression)">
            <summary>
                This API supports the Entity Framework Core infrastructure and is not intended to be used
                directly from your code. This API may change or be removed in future releases.
            </summary>
        </member>
        <member name="T:Microsoft.EntityFrameworkCore.Scaffolding.Internal.SqliteDatabaseModelFactory">
            <summary>
                This API supports the Entity Framework Core infrastructure and is not intended to be used
                directly from your code. This API may change or be removed in future releases.
            </summary>
        </member>
        <member name="M:Microsoft.EntityFrameworkCore.Scaffolding.Internal.SqliteDatabaseModelFactory.#ctor(Microsoft.EntityFrameworkCore.Diagnostics.IDiagnosticsLogger{Microsoft.EntityFrameworkCore.DbLoggerCategory.Scaffolding})">
            <summary>
                This API supports the Entity Framework Core infrastructure and is not intended to be used
                directly from your code. This API may change or be removed in future releases.
            </summary>
        </member>
        <member name="M:Microsoft.EntityFrameworkCore.Scaffolding.Internal.SqliteDatabaseModelFactory.Create(System.String,System.Collections.Generic.IEnumerable{System.String},System.Collections.Generic.IEnumerable{System.String})">
            <summary>
                This API supports the Entity Framework Core infrastructure and is not intended to be used
                directly from your code. This API may change or be removed in future releases.
            </summary>
        </member>
        <member name="M:Microsoft.EntityFrameworkCore.Scaffolding.Internal.SqliteDatabaseModelFactory.Create(System.Data.Common.DbConnection,System.Collections.Generic.IEnumerable{System.String},System.Collections.Generic.IEnumerable{System.String})">
            <summary>
                This API supports the Entity Framework Core infrastructure and is not intended to be used
                directly from your code. This API may change or be removed in future releases.
            </summary>
        </member>
        <member name="M:Microsoft.EntityFrameworkCore.Scaffolding.Internal.SqliteTableSelectionSetExtensions.Allows(Microsoft.EntityFrameworkCore.Scaffolding.Internal.TableSelectionSet,System.String)">
            <summary>
                Tests whether the table is allowed by the <see cref="T:Microsoft.EntityFrameworkCore.Scaffolding.Internal.TableSelectionSet" /> and
                updates the <see cref="T:Microsoft.EntityFrameworkCore.Scaffolding.Internal.TableSelectionSet" />'s <see cref="T:Microsoft.EntityFrameworkCore.Scaffolding.Internal.TableSelectionSet.Selection" />(s)
                to mark that they have been matched.
            </summary>
            <param name="tableSet"> the <see cref="T:Microsoft.EntityFrameworkCore.Scaffolding.Internal.TableSelectionSet" /> to test </param>
            <param name="tableName"> name of the database table to check </param>
            <returns> whether or not the table is allowed </returns>
        </member>
        <member name="T:Microsoft.EntityFrameworkCore.SqliteDatabaseFacadeExtensions">
            <summary>
                SQLite specific extension methods for <see cref="P:Microsoft.EntityFrameworkCore.DbContext.Database" />.
            </summary>
        </member>
        <member name="M:Microsoft.EntityFrameworkCore.SqliteDatabaseFacadeExtensions.IsSqlite(Microsoft.EntityFrameworkCore.Infrastructure.DatabaseFacade)">
            <summary>
                <para>
                    Returns true if the database provider currently in use is the SQLite provider.
                </para>
                <para>
                    This method can only be used after the <see cref="T:Microsoft.EntityFrameworkCore.DbContext" /> has been configured because
                    it is only then that the provider is known. This means that this method cannot be used
                    in <see cref="M:Microsoft.EntityFrameworkCore.DbContext.OnConfiguring(Microsoft.EntityFrameworkCore.DbContextOptionsBuilder)" /> because this is where application code sets the
                    provider to use as part of configuring the context.
                </para>
            </summary>
            <param name="database"> The facade from <see cref="P:Microsoft.EntityFrameworkCore.DbContext.Database" />. </param>
            <returns> True if SQLite is being used; false otherwise. </returns>
        </member>
        <member name="T:Microsoft.EntityFrameworkCore.SqliteDbContextOptionsBuilderExtensions">
            <summary>
                SQLite specific extension methods for <see cref="T:Microsoft.EntityFrameworkCore.DbContextOptionsBuilder" />.
            </summary>
        </member>
        <member name="M:Microsoft.EntityFrameworkCore.SqliteDbContextOptionsBuilderExtensions.UseSqlite(Microsoft.EntityFrameworkCore.DbContextOptionsBuilder,System.String,System.Action{Microsoft.EntityFrameworkCore.Infrastructure.SqliteDbContextOptionsBuilder})">
            <summary>
                Configures the context to connect to a SQLite database.
            </summary>
            <param name="optionsBuilder"> The builder being used to configure the context. </param>
            <param name="connectionString"> The connection string of the database to connect to. </param>
            <param name="sqliteOptionsAction">An optional action to allow additional SQLite specific configuration.</param>
            <returns> The options builder so that further configuration can be chained. </returns>
        </member>
        <member name="M:Microsoft.EntityFrameworkCore.SqliteDbContextOptionsBuilderExtensions.UseSqlite(Microsoft.EntityFrameworkCore.DbContextOptionsBuilder,System.Data.Common.DbConnection,System.Action{Microsoft.EntityFrameworkCore.Infrastructure.SqliteDbContextOptionsBuilder})">
            <summary>
                Configures the context to connect to a SQLite database.
            </summary>
            <param name="optionsBuilder"> The builder being used to configure the context. </param>
            <param name="connection">
                An existing <see cref="T:System.Data.Common.DbConnection" /> to be used to connect to the database. If the connection is
                in the open state then EF will not open or close the connection. If the connection is in the closed
                state then EF will open and close the connection as needed.
            </param>
            <param name="sqliteOptionsAction">An optional action to allow additional SQLite specific configuration.</param>
            <returns> The options builder so that further configuration can be chained. </returns>
        </member>
        <member name="M:Microsoft.EntityFrameworkCore.SqliteDbContextOptionsBuilderExtensions.UseSqlite``1(Microsoft.EntityFrameworkCore.DbContextOptionsBuilder{``0},System.String,System.Action{Microsoft.EntityFrameworkCore.Infrastructure.SqliteDbContextOptionsBuilder})">
            <summary>
                Configures the context to connect to a SQLite database.
            </summary>
            <typeparam name="TContext"> The type of context to be configured. </typeparam>
            <param name="optionsBuilder"> The builder being used to configure the context. </param>
            <param name="connectionString"> The connection string of the database to connect to. </param>
            <param name="sqliteOptionsAction">An optional action to allow additional SQLite specific configuration.</param>
            <returns> The options builder so that further configuration can be chained. </returns>
        </member>
        <member name="M:Microsoft.EntityFrameworkCore.SqliteDbContextOptionsBuilderExtensions.UseSqlite``1(Microsoft.EntityFrameworkCore.DbContextOptionsBuilder{``0},System.Data.Common.DbConnection,System.Action{Microsoft.EntityFrameworkCore.Infrastructure.SqliteDbContextOptionsBuilder})">
            <summary>
                Configures the context to connect to a SQLite database.
            </summary>
            <typeparam name="TContext"> The type of context to be configured. </typeparam>
            <param name="optionsBuilder"> The builder being used to configure the context. </param>
            <param name="connection">
                An existing <see cref="T:System.Data.Common.DbConnection" /> to be used to connect to the database. If the connection is
                in the open state then EF will not open or close the connection. If the connection is in the closed
                state then EF will open and close the connection as needed.
            </param>
            <param name="sqliteOptionsAction">An optional action to allow additional SQLite specific configuration.</param>
            <returns> The options builder so that further configuration can be chained. </returns>
        </member>
        <member name="T:Microsoft.EntityFrameworkCore.Storage.Internal.ISqliteRelationalConnection">
            <summary>
                This API supports the Entity Framework Core infrastructure and is not intended to be used
                directly from your code. This API may change or be removed in future releases.
            </summary>
        </member>
        <member name="M:Microsoft.EntityFrameworkCore.Storage.Internal.ISqliteRelationalConnection.CreateReadOnlyConnection">
            <summary>
                This API supports the Entity Framework Core infrastructure and is not intended to be used
                directly from your code. This API may change or be removed in future releases.
            </summary>
        </member>
        <member name="T:Microsoft.EntityFrameworkCore.Storage.Internal.SqliteDatabaseCreator">
            <summary>
                This API supports the Entity Framework Core infrastructure and is not intended to be used
                directly from your code. This API may change or be removed in future releases.
            </summary>
        </member>
        <member name="M:Microsoft.EntityFrameworkCore.Storage.Internal.SqliteDatabaseCreator.Create">
            <summary>
                This API supports the Entity Framework Core infrastructure and is not intended to be used
                directly from your code. This API may change or be removed in future releases.
            </summary>
        </member>
        <member name="M:Microsoft.EntityFrameworkCore.Storage.Internal.SqliteDatabaseCreator.Exists">
            <summary>
                This API supports the Entity Framework Core infrastructure and is not intended to be used
                directly from your code. This API may change or be removed in future releases.
            </summary>
        </member>
        <member name="M:Microsoft.EntityFrameworkCore.Storage.Internal.SqliteDatabaseCreator.HasTables">
            <summary>
                This API supports the Entity Framework Core infrastructure and is not intended to be used
                directly from your code. This API may change or be removed in future releases.
            </summary>
        </member>
        <member name="M:Microsoft.EntityFrameworkCore.Storage.Internal.SqliteDatabaseCreator.Delete">
            <summary>
                This API supports the Entity Framework Core infrastructure and is not intended to be used
                directly from your code. This API may change or be removed in future releases.
            </summary>
        </member>
        <member name="T:Microsoft.EntityFrameworkCore.Storage.Internal.SqliteDateTimeOffsetTypeMapping">
            <summary>
                This API supports the Entity Framework Core infrastructure and is not intended to be used
                directly from your code. This API may change or be removed in future releases.
            </summary>
        </member>
        <member name="M:Microsoft.EntityFrameworkCore.Storage.Internal.SqliteDateTimeOffsetTypeMapping.#ctor(System.String,System.Nullable{System.Data.DbType})">
            <summary>
                Initializes a new instance of the <see cref="T:Microsoft.EntityFrameworkCore.Storage.Internal.SqliteDateTimeOffsetTypeMapping" /> class.
            </summary>
            <param name="storeType"> The name of the database type. </param>
            <param name="dbType"> The <see cref="T:System.Data.DbType" /> to be used. </param>
        </member>
        <member name="M:Microsoft.EntityFrameworkCore.Storage.Internal.SqliteDateTimeOffsetTypeMapping.Clone(System.String,System.Nullable{System.Int32})">
            <summary>
                This API supports the Entity Framework Core infrastructure and is not intended to be used
                directly from your code. This API may change or be removed in future releases.
            </summary>
        </member>
        <member name="P:Microsoft.EntityFrameworkCore.Storage.Internal.SqliteDateTimeOffsetTypeMapping.SqlLiteralFormatString">
            <summary>
                Gets the string format to be used to generate SQL literals of this type.
            </summary>
        </member>
        <member name="T:Microsoft.EntityFrameworkCore.Storage.Internal.SqliteDateTimeTypeMapping">
            <summary>
                This API supports the Entity Framework Core infrastructure and is not intended to be used
                directly from your code. This API may change or be removed in future releases.
            </summary>
        </member>
        <member name="M:Microsoft.EntityFrameworkCore.Storage.Internal.SqliteDateTimeTypeMapping.#ctor(System.String,System.Nullable{System.Data.DbType})">
            <summary>
                Initializes a new instance of the <see cref="T:Microsoft.EntityFrameworkCore.Storage.Internal.SqliteDateTimeTypeMapping" /> class.
            </summary>
            <param name="storeType"> The name of the database type. </param>
            <param name="dbType"> The <see cref="T:System.Data.DbType" /> to be used. </param>
        </member>
        <member name="M:Microsoft.EntityFrameworkCore.Storage.Internal.SqliteDateTimeTypeMapping.Clone(System.String,System.Nullable{System.Int32})">
            <summary>
                This API supports the Entity Framework Core infrastructure and is not intended to be used
                directly from your code. This API may change or be removed in future releases.
            </summary>
        </member>
        <member name="P:Microsoft.EntityFrameworkCore.Storage.Internal.SqliteDateTimeTypeMapping.SqlLiteralFormatString">
            <summary>
                Gets the string format to be used to generate SQL literals of this type.
            </summary>
        </member>
        <member name="T:Microsoft.EntityFrameworkCore.Storage.Internal.SqliteGuidTypeMapping">
            <summary>
                This API supports the Entity Framework Core infrastructure and is not intended to be used
                directly from your code. This API may change or be removed in future releases.
            </summary>
        </member>
        <member name="M:Microsoft.EntityFrameworkCore.Storage.Internal.SqliteGuidTypeMapping.#ctor(System.String,System.Nullable{System.Data.DbType})">
            <summary>
                Initializes a new instance of the <see cref="T:Microsoft.EntityFrameworkCore.Storage.Internal.SqliteGuidTypeMapping" /> class.
            </summary>
            <param name="storeType"> The name of the database type. </param>
            <param name="dbType"> The <see cref="T:System.Data.DbType" /> to be used. </param>
        </member>
        <member name="M:Microsoft.EntityFrameworkCore.Storage.Internal.SqliteGuidTypeMapping.Clone(System.String,System.Nullable{System.Int32})">
            <summary>
                This API supports the Entity Framework Core infrastructure and is not intended to be used
                directly from your code. This API may change or be removed in future releases.
            </summary>
        </member>
        <member name="M:Microsoft.EntityFrameworkCore.Storage.Internal.SqliteGuidTypeMapping.GenerateNonNullSqlLiteral(System.Object)">
            <summary>
                Generates the SQL representation of a literal value.
            </summary>
            <param name="value">The literal value.</param>
            <returns>
                The generated string.
            </returns>
        </member>
        <member name="T:Microsoft.EntityFrameworkCore.Storage.Internal.SqliteRelationalConnection">
            <summary>
                This API supports the Entity Framework Core infrastructure and is not intended to be used
                directly from your code. This API may change or be removed in future releases.
            </summary>
        </member>
        <member name="M:Microsoft.EntityFrameworkCore.Storage.Internal.SqliteRelationalConnection.#ctor(Microsoft.EntityFrameworkCore.Storage.RelationalConnectionDependencies,Microsoft.EntityFrameworkCore.Storage.IRawSqlCommandBuilder)">
            <summary>
                This API supports the Entity Framework Core infrastructure and is not intended to be used
                directly from your code. This API may change or be removed in future releases.
            </summary>
        </member>
        <member name="M:Microsoft.EntityFrameworkCore.Storage.Internal.SqliteRelationalConnection.CreateDbConnection">
            <summary>
                This API supports the Entity Framework Core infrastructure and is not intended to be used
                directly from your code. This API may change or be removed in future releases.
            </summary>
        </member>
        <member name="P:Microsoft.EntityFrameworkCore.Storage.Internal.SqliteRelationalConnection.IsMultipleActiveResultSetsEnabled">
            <summary>
                This API supports the Entity Framework Core infrastructure and is not intended to be used
                directly from your code. This API may change or be removed in future releases.
            </summary>
        </member>
        <member name="M:Microsoft.EntityFrameworkCore.Storage.Internal.SqliteRelationalConnection.Open(System.Boolean)">
            <summary>
                This API supports the Entity Framework Core infrastructure and is not intended to be used
                directly from your code. This API may change or be removed in future releases.
            </summary>
        </member>
        <member name="M:Microsoft.EntityFrameworkCore.Storage.Internal.SqliteRelationalConnection.OpenAsync(System.Threading.CancellationToken,System.Boolean)">
            <summary>
                This API supports the Entity Framework Core infrastructure and is not intended to be used
                directly from your code. This API may change or be removed in future releases.
            </summary>
        </member>
        <member name="M:Microsoft.EntityFrameworkCore.Storage.Internal.SqliteRelationalConnection.CreateReadOnlyConnection">
            <summary>
                This API supports the Entity Framework Core infrastructure and is not intended to be used
                directly from your code. This API may change or be removed in future releases.
            </summary>
        </member>
        <member name="T:Microsoft.EntityFrameworkCore.Storage.Internal.SqliteSqlGenerationHelper">
            <summary>
                This API supports the Entity Framework Core infrastructure and is not intended to be used
                directly from your code. This API may change or be removed in future releases.
            </summary>
        </member>
        <member name="M:Microsoft.EntityFrameworkCore.Storage.Internal.SqliteSqlGenerationHelper.#ctor(Microsoft.EntityFrameworkCore.Storage.RelationalSqlGenerationHelperDependencies)">
            <summary>
                This API supports the Entity Framework Core infrastructure and is not intended to be used
                directly from your code. This API may change or be removed in future releases.
            </summary>
        </member>
        <member name="M:Microsoft.EntityFrameworkCore.Storage.Internal.SqliteSqlGenerationHelper.DelimitIdentifier(System.String,System.String)">
            <summary>
                This API supports the Entity Framework Core infrastructure and is not intended to be used
                directly from your code. This API may change or be removed in future releases.
            </summary>
        </member>
        <member name="M:Microsoft.EntityFrameworkCore.Storage.Internal.SqliteSqlGenerationHelper.DelimitIdentifier(System.Text.StringBuilder,System.String,System.String)">
            <summary>
                This API supports the Entity Framework Core infrastructure and is not intended to be used
                directly from your code. This API may change or be removed in future releases.
            </summary>
        </member>
        <member name="T:Microsoft.EntityFrameworkCore.Storage.Internal.SqliteTypeMapper">
            <summary>
                This API supports the Entity Framework Core infrastructure and is not intended to be used
                directly from your code. This API may change or be removed in future releases.
            </summary>
        </member>
        <member name="M:Microsoft.EntityFrameworkCore.Storage.Internal.SqliteTypeMapper.#ctor(Microsoft.EntityFrameworkCore.Storage.RelationalTypeMapperDependencies)">
            <summary>
                This API supports the Entity Framework Core infrastructure and is not intended to be used
                directly from your code. This API may change or be removed in future releases.
            </summary>
        </member>
        <member name="M:Microsoft.EntityFrameworkCore.Storage.Internal.SqliteTypeMapper.GetColumnType(Microsoft.EntityFrameworkCore.Metadata.IProperty)">
            <summary>
                This API supports the Entity Framework Core infrastructure and is not intended to be used
                directly from your code. This API may change or be removed in future releases.
            </summary>
        </member>
        <member name="M:Microsoft.EntityFrameworkCore.Storage.Internal.SqliteTypeMapper.FindMapping(System.String)">
            <summary>
                This API supports the Entity Framework Core infrastructure and is not intended to be used
                directly from your code. This API may change or be removed in future releases.
            </summary>
        </member>
        <member name="M:Microsoft.EntityFrameworkCore.Storage.Internal.SqliteTypeMapper.GetClrTypeMappings">
            <summary>
                This API supports the Entity Framework Core infrastructure and is not intended to be used
                directly from your code. This API may change or be removed in future releases.
            </summary>
        </member>
        <member name="M:Microsoft.EntityFrameworkCore.Storage.Internal.SqliteTypeMapper.GetStoreTypeMappings">
            <summary>
                This API supports the Entity Framework Core infrastructure and is not intended to be used
                directly from your code. This API may change or be removed in future releases.
            </summary>
        </member>
        <member name="T:Microsoft.EntityFrameworkCore.Update.Internal.SqliteModificationCommandBatchFactory">
            <summary>
                This API supports the Entity Framework Core infrastructure and is not intended to be used
                directly from your code. This API may change or be removed in future releases.
            </summary>
        </member>
        <member name="M:Microsoft.EntityFrameworkCore.Update.Internal.SqliteModificationCommandBatchFactory.#ctor(Microsoft.EntityFrameworkCore.Storage.IRelationalCommandBuilderFactory,Microsoft.EntityFrameworkCore.Storage.ISqlGenerationHelper,Microsoft.EntityFrameworkCore.Update.IUpdateSqlGenerator,Microsoft.EntityFrameworkCore.Storage.IRelationalValueBufferFactoryFactory)">
            <summary>
                This API supports the Entity Framework Core infrastructure and is not intended to be used
                directly from your code. This API may change or be removed in future releases.
            </summary>
        </member>
        <member name="M:Microsoft.EntityFrameworkCore.Update.Internal.SqliteModificationCommandBatchFactory.Create">
            <summary>
                This API supports the Entity Framework Core infrastructure and is not intended to be used
                directly from your code. This API may change or be removed in future releases.
            </summary>
        </member>
        <member name="T:Microsoft.EntityFrameworkCore.Update.Internal.SqliteUpdateSqlGenerator">
            <summary>
                This API supports the Entity Framework Core infrastructure and is not intended to be used
                directly from your code. This API may change or be removed in future releases.
            </summary>
        </member>
        <member name="M:Microsoft.EntityFrameworkCore.Update.Internal.SqliteUpdateSqlGenerator.#ctor(Microsoft.EntityFrameworkCore.Update.UpdateSqlGeneratorDependencies)">
            <summary>
                This API supports the Entity Framework Core infrastructure and is not intended to be used
                directly from your code. This API may change or be removed in future releases.
            </summary>
        </member>
        <member name="M:Microsoft.EntityFrameworkCore.Update.Internal.SqliteUpdateSqlGenerator.AppendIdentityWhereCondition(System.Text.StringBuilder,Microsoft.EntityFrameworkCore.Update.ColumnModification)">
            <summary>
                This API supports the Entity Framework Core infrastructure and is not intended to be used
                directly from your code. This API may change or be removed in future releases.
            </summary>
        </member>
        <member name="M:Microsoft.EntityFrameworkCore.Update.Internal.SqliteUpdateSqlGenerator.AppendSelectAffectedCountCommand(System.Text.StringBuilder,System.String,System.String,System.Int32)">
            <summary>
                This API supports the Entity Framework Core infrastructure and is not intended to be used
                directly from your code. This API may change or be removed in future releases.
            </summary>
        </member>
        <member name="M:Microsoft.EntityFrameworkCore.Update.Internal.SqliteUpdateSqlGenerator.AppendRowsAffectedWhereCondition(System.Text.StringBuilder,System.Int32)">
            <summary>
                This API supports the Entity Framework Core infrastructure and is not intended to be used
                directly from your code. This API may change or be removed in future releases.
            </summary>
        </member>
        <member name="M:Microsoft.EntityFrameworkCore.Update.Internal.SqliteUpdateSqlGenerator.GenerateNextSequenceValueOperation(System.String,System.String)">
            <summary>
                This API supports the Entity Framework Core infrastructure and is not intended to be used
                directly from your code. This API may change or be removed in future releases.
            </summary>
        </member>
        <member name="T:Microsoft.Extensions.DependencyInjection.SqliteServiceCollectionExtensions">
            <summary>
                SQLite specific extension methods for <see cref="T:Microsoft.Extensions.DependencyInjection.IServiceCollection" />.
            </summary>
        </member>
        <member name="M:Microsoft.Extensions.DependencyInjection.SqliteServiceCollectionExtensions.AddEntityFrameworkSqlite(Microsoft.Extensions.DependencyInjection.IServiceCollection)">
            <summary>
                <para>
                    Adds the services required by the SQLite database provider for Entity Framework
                    to an <see cref="T:Microsoft.Extensions.DependencyInjection.IServiceCollection" />. You use this method when using dependency injection
                    in your application, such as with ASP.NET. For more information on setting up dependency
                    injection, see http://go.microsoft.com/fwlink/?LinkId=526890.
                </para>
                <para>
                    You only need to use this functionality when you want Entity Framework to resolve the services it uses
                    from an external dependency injection container. If you are not using an external
                    dependency injection container, Entity Framework will take care of creating the services it requires.
                </para>
            </summary>
            <example>
                <code>
                     public void ConfigureServices(IServiceCollection services)
                     {
                         var connectionString = "connection string to database";
            
                         services
                             .AddEntityFrameworkSqlite()
                             .AddDbContext&lt;MyContext&gt;((serviceProvider, options) =>
                                 options.UseSqlite(connectionString)
                                        .UseInternalServiceProvider(serviceProvider));
                     }
                 </code>
            </example>
            <param name="serviceCollection"> The <see cref="T:Microsoft.Extensions.DependencyInjection.IServiceCollection" /> to add services to. </param>
            <returns>
                The same service collection so that multiple calls can be chained.
            </returns>
        </member>
    </members>
</doc>
