<?xml version="1.0"?>
<doc>
    <assembly>
        <name>VndbSharp</name>
    </assembly>
    <members>
        <member name="T:VndbSharp.Extensions.EnumExtensions">
            <summary>
            	Helper methods to handle common use cases of VndbSharp provided Enums
            </summary>
        </member>
        <member name="M:VndbSharp.Extensions.EnumExtensions.Description(VndbSharp.Models.VisualNovel.VisualNovelLength)">
            <summary>
            	Retrieves the Description metadata from the VisualNovelLength
            </summary>
            <returns>The Vndb-like length string for the provided length</returns>
        </member>
        <member name="M:VndbSharp.Extensions.EnumExtensions.Description(System.Nullable{VndbSharp.Models.VisualNovel.VisualNovelLength})">
            <summary>
            	Retrieves the Description metadata from the VisualNovelLength
            </summary>
            <returns>The Vndb-like length string for the provided length</returns>
        </member>
        <member name="M:VndbSharp.Filters.AbstractFilter`1.op_BitwiseAnd(VndbSharp.Filters.AbstractFilter{`0},VndbSharp.Interfaces.IFilter)">
            <summary>
            	Equivlant to IFilter.And(IFilter)
            </summary>
        </member>
        <member name="M:VndbSharp.Filters.AbstractFilter`1.op_BitwiseOr(VndbSharp.Filters.AbstractFilter{`0},VndbSharp.Interfaces.IFilter)">
            <summary>
            	Equivlant to IFilter.Or(IFilter)
            </summary>
        </member>
        <member name="M:VndbSharp.Filters.AbstractFilter`1.IsFilterValid">
            <summary>
            	Called when constructing the filter of a request, to check that the Operator can be performed with the provided Value(s)
            </summary>
            <returns>True the current Operator can be used with the current Value(s)</returns>
        </member>
        <member name="F:VndbSharp.Filters.AbstractFilter`1.Count">
            <summary>
            	If an array is passed, the number of items.
            </summary>
        </member>
        <member name="M:VndbSharp.Filters.Conditionals.FilterAnd.IsFilterValid">
            <summary>
            	Called when constructing the filter of a request, to check that the Operator can be performed with the provided Value(s)
            </summary>
            <returns>True the current Operator can be used with the current Value(s)</returns>
        </member>
        <member name="M:VndbSharp.Filters.Conditionals.FilterAnd.op_BitwiseAnd(VndbSharp.Filters.Conditionals.FilterAnd,VndbSharp.Interfaces.IFilter)">
            <summary>
            	Equivlant to IFilter.And(IFilter)
            </summary>
        </member>
        <member name="M:VndbSharp.Filters.Conditionals.FilterAnd.op_BitwiseOr(VndbSharp.Filters.Conditionals.FilterAnd,VndbSharp.Interfaces.IFilter)">
            <summary>
            	Equivlant to IFilter.Or(IFilter)
            </summary>
        </member>
        <member name="P:VndbSharp.Filters.Conditionals.FilterAnd.LeftFilter">
            <summary>
            	The Filter on the Left, or First Condition
            </summary>
        </member>
        <member name="P:VndbSharp.Filters.Conditionals.FilterAnd.RightFilter">
            <summary>
            	The Filter on the Right, or Last Condition
            </summary>
        </member>
        <member name="T:VndbSharp.Filters.Conditionals.FilterOr">
            <summary>
            	Combines two filters into 
            </summary>
        </member>
        <member name="M:VndbSharp.Filters.Conditionals.FilterOr.IsFilterValid">
            <summary>
            	Called when constructing the filter of a request, to check that the Operator can be performed with the provided Value(s)
            </summary>
            <returns>True the current Operator can be used with the current Value(s)</returns>
        </member>
        <member name="M:VndbSharp.Filters.Conditionals.FilterOr.op_BitwiseAnd(VndbSharp.Filters.Conditionals.FilterOr,VndbSharp.Interfaces.IFilter)">
            <summary>
            	Equivlant to IFilter.And(IFilter)
            </summary>
        </member>
        <member name="M:VndbSharp.Filters.Conditionals.FilterOr.op_BitwiseOr(VndbSharp.Filters.Conditionals.FilterOr,VndbSharp.Interfaces.IFilter)">
            <summary>
            	Equivlant to IFilter.Or(IFilter)
            </summary>
        </member>
        <member name="P:VndbSharp.Filters.Conditionals.FilterOr.LeftFilter">
            <summary>
            	The Filter on the Left, or First Condition
            </summary>
        </member>
        <member name="P:VndbSharp.Filters.Conditionals.FilterOr.RightFilter">
            <summary>
            	The Filter on the Right, or Last Condition
            </summary>
        </member>
        <member name="T:VndbSharp.Interfaces.IFilter">
            <summary>
            	A common interface to allow the <see cref="T:VndbSharp.Vndb"/> class to determine if the filter is valid
            </summary>
        </member>
        <member name="M:VndbSharp.Interfaces.IFilter.IsFilterValid">
            <summary>
            	Called when constructing the filter of a request, to check that the Operator can be performed with the provided Value(s)
            </summary>
            <returns>True the current Operator can be used with the current Value(s)</returns>
        </member>
        <member name="T:VndbSharp.Interfaces.IRequestOptions">
            <summary>
            	The Request Options to send along to Vndb with the request
            </summary>
        </member>
        <member name="P:VndbSharp.Interfaces.IRequestOptions.Page">
            <summary>
            	The page to get the result from
            </summary>
        </member>
        <member name="P:VndbSharp.Interfaces.IRequestOptions.Count">
            <summary>
            	How many Results to get
            </summary>
        </member>
        <member name="P:VndbSharp.Interfaces.IRequestOptions.Sort">
            <summary>
            	 The field to order the results by. The accepted field names differ per type, the default sort field is the ID of the database entry.
            </summary> 
        </member>
        <member name="P:VndbSharp.Interfaces.IRequestOptions.Reverse">
            <summary>
            	Sets if the order of the results be reversed or not.
            </summary>
        </member>
        <member name="T:VndbSharp.Interfaces.IVndbError">
            <summary>
            	Represents the Error Type and Message when Vndb Returns an Error
            </summary>
        </member>
        <member name="P:VndbSharp.Interfaces.IVndbError.Type">
            <summary>
            	The type of the Error
            </summary>
        </member>
        <member name="P:VndbSharp.Interfaces.IVndbError.Message">
            <summary>
            	A short Message about the error returned
            </summary>
        </member>
        <member name="P:VndbSharp.Models.Character.Character.Bust">
            <summary>
            	Size in Centimeters
            </summary>
        </member>
        <member name="P:VndbSharp.Models.Character.Character.Waist">
            <summary>
            	Size in Centimeters
            </summary>
        </member>
        <member name="P:VndbSharp.Models.Character.Character.Hip">
            <summary>
            	Size in Centimeters
            </summary>
        </member>
        <member name="P:VndbSharp.Models.Character.Character.Height">
            <summary>
            	Height in Centimeters
            </summary>
        </member>
        <member name="P:VndbSharp.Models.Character.Character.Weight">
            <summary>
            	Weight in Kilograms
            </summary>
        </member>
        <member name="T:VndbSharp.Models.Common.SimpleDate">
            <summary>
            	<para>A simple DateTime object that can represent a Year, Year-Month, and Year-Month-Day value</para>
            	<para>This is a very brittle class</para>
            </summary>
        </member>
        <member name="M:VndbSharp.Models.Common.SimpleDate.#ctor">
            <summary>
            	Represents a "TBA" date
            </summary>
        </member>
        <member name="M:VndbSharp.Models.Common.SimpleDate.#ctor(System.UInt32)">
            <summary>
            	Represents a date with only a year
            </summary>
        </member>
        <member name="M:VndbSharp.Models.Common.SimpleDate.#ctor(System.UInt32,System.Byte)">
            <summary>
            	Represents a date with a year and month
            </summary>
        </member>
        <member name="M:VndbSharp.Models.Common.SimpleDate.#ctor(System.UInt32,System.Byte,System.Byte)">
            <summary>
            	Represents a date with a year, month and day
            </summary>
        </member>
        <member name="M:VndbSharp.Models.Common.SimpleDate.#ctor(System.Byte,System.Byte)">
            <summary>
            	Represents a date with a month and day
            </summary>
        </member>
        <member name="T:VndbSharp.Models.Dumps.Tag">
            <summary>
            	Represents a Tag Object from the Tags Dump
            </summary>
        </member>
        <member name="P:VndbSharp.Models.Dumps.Tag.Id">
            <summary>
            	The Id of the tag
            </summary>
        </member>
        <member name="P:VndbSharp.Models.Dumps.Tag.Name">
            <summary>
            	The name of the tag
            </summary>
        </member>
        <member name="P:VndbSharp.Models.Dumps.Tag.Description">
            <summary>
            	The description of the tag, which can include formatting codes described in http://vndb.org/d9.3
            </summary>
        </member>
        <member name="P:VndbSharp.Models.Dumps.Tag.VisualNovels">
            <summary>
            	The number of Visual Novels with this tag
            </summary>
        </member>
        <member name="P:VndbSharp.Models.Dumps.Tag.TagCategory">
            <summary>
            	The category / Classification of the tag
            </summary>
        </member>
        <member name="P:VndbSharp.Models.Dumps.Tag.Aliases">
            <summary>
            	List of alternative names
            </summary>
        </member>
        <member name="P:VndbSharp.Models.Dumps.Tag.Parents">
            <summary>
            	List of parent Tags (Empty if Root Tag)
            </summary>
        </member>
        <member name="P:VndbSharp.Models.Dumps.Tag.IsMeta">
            <summary>
            	Undescribed Field
            </summary>
        </member>
        <member name="T:VndbSharp.Models.Dumps.TagCategory">
            <summary>
            	Indicates what type the tag is
            </summary>
        </member>
        <member name="F:VndbSharp.Models.Dumps.TagCategory.Content">
            <summary>
            	The tag describes the contents of the game
            </summary>
        </member>
        <member name="F:VndbSharp.Models.Dumps.TagCategory.Sexual">
            <summary>
            	The tag describes the sexual contents of the game
            </summary>
        </member>
        <member name="F:VndbSharp.Models.Dumps.TagCategory.Technical">
            <summary>
            	The tag describes the features of the game
            </summary>
        </member>
        <member name="T:VndbSharp.Models.Dumps.Trait">
            <summary>
            Represents a Trait Object from the Traits Dump
            </summary>
        </member>
        <member name="P:VndbSharp.Models.Dumps.Trait.Id">
            <summary>
            	The Id of the trait
            </summary>
        </member>
        <member name="P:VndbSharp.Models.Dumps.Trait.Name">
            <summary>
            	The name of the trait
            </summary>
        </member>
        <member name="P:VndbSharp.Models.Dumps.Trait.Description">
            <summary>
            	The description of the trait, which can include formatting codes described in http://vndb.org/d9.3
            </summary>
        </member>
        <member name="P:VndbSharp.Models.Dumps.Trait.Characters">
            <summary>
            	The number of characters with this trait
            </summary>
        </member>
        <member name="P:VndbSharp.Models.Dumps.Trait.Aliases">
            <summary>
            	List of alternative names
            </summary>
        </member>
        <member name="P:VndbSharp.Models.Dumps.Trait.Parents">
            <summary>
            	List of parent traits (Empty if root)
            </summary>
        </member>
        <member name="P:VndbSharp.Models.Dumps.Trait.IsMeta">
            <summary>
            	Undescribed Field
            </summary>
        </member>
        <member name="T:VndbSharp.Models.Dumps.VoteDumpVersion">
            <summary>
            	The version of the Vote Dump retrieved
            </summary>
        </member>
        <member name="F:VndbSharp.Models.Dumps.VoteDumpVersion.One">
            <summary>
            	Represents the most basic vote dump
            </summary>
        </member>
        <member name="F:VndbSharp.Models.Dumps.VoteDumpVersion.Two">
            <summary>
            	Represents the v2 of the vote dump, which adds Dates
            </summary>
        </member>
        <member name="T:VndbSharp.Models.Errors.BadArgumentError">
            <summary>
            	A JSON value is of the wrong type or in the wrong format.
            </summary>
        </member>
        <member name="P:VndbSharp.Models.Errors.BadArgumentError.Field">
            <summary>
            	The field that is incorrect
            </summary>
        </member>
        <member name="T:VndbSharp.Models.Errors.BadAuthenticationError">
            <summary>
            	Incorrect username / password combination
            </summary>
        </member>
        <member name="T:VndbSharp.Models.Errors.Error">
            <summary>
            	Represents an Error, with the most basic Id and Message
            </summary>
        </member>
        <member name="P:VndbSharp.Models.Errors.Error.Type">
            <inheritdoc cref="P:VndbSharp.Interfaces.IVndbError.Type"/>
        </member>
        <member name="P:VndbSharp.Models.Errors.Error.Message">
            <inheritdoc cref="P:VndbSharp.Interfaces.IVndbError.Message"/>
        </member>
        <member name="T:VndbSharp.Models.Errors.ErrorType">
            <summary>
            	The known Error Types that VndbSharp can handle
            </summary>
        </member>
        <member name="F:VndbSharp.Models.Errors.ErrorType.Unknown">
            <summary>
            	An unexpected error occured, possibly due to a Vndb Api Update
            </summary>
        </member>
        <member name="F:VndbSharp.Models.Errors.ErrorType.Parse">
            <summary>
            	A Syntax Error occured, and Vndb API could not understand the request
            </summary>
        </member>
        <member name="F:VndbSharp.Models.Errors.ErrorType.Missing">
            <summary>
            	A JSON object argument is missing a required member.
            </summary>
        </member>
        <member name="F:VndbSharp.Models.Errors.ErrorType.BadArgument">
            <summary>
            	A JSON value is of the wrong type or in the wrong format.
            </summary>
        </member>
        <member name="F:VndbSharp.Models.Errors.ErrorType.LoginRequred">
            <summary>
            	You need to be logged in to use this command
            </summary>
        </member>
        <member name="F:VndbSharp.Models.Errors.ErrorType.Throttled">
            <summary>
            	You have used too many server resources within a short period of time, and need to wait a bit before sending the next command
            </summary>
        </member>
        <member name="F:VndbSharp.Models.Errors.ErrorType.BadAuthentication">
            <summary>
            	Incorrect username / password combination
            </summary>
        </member>
        <member name="F:VndbSharp.Models.Errors.ErrorType.LoggedIn">
            <summary>
            	Already Logged in, Only one successful login command can be issued on one connection
            </summary>
        </member>
        <member name="F:VndbSharp.Models.Errors.ErrorType.GetType">
            <summary>
            	Unknown type argument in a "get" command
            </summary>
        </member>
        <member name="F:VndbSharp.Models.Errors.ErrorType.GetInfo">
            <summary>
            	Unknown info flag in a "get" command
            </summary>
        </member>
        <member name="F:VndbSharp.Models.Errors.ErrorType.InvalidFilter">
            <summary>
            	Unknown filter field or invalid combination of field / operator / argument type
            </summary>
        </member>
        <member name="F:VndbSharp.Models.Errors.ErrorType.SetType">
            <summary>
            	Unknown type argument to the "set" command
            </summary>
        </member>
        <member name="F:VndbSharp.Models.Errors.ErrorType.Library">
            <summary>
            	An error occured in the VndbSharp Library
            </summary>
        </member>
        <member name="T:VndbSharp.Models.Errors.GetInfoError">
            <summary>
            	Unknown info flag in a "get" command
            </summary>
        </member>
        <member name="P:VndbSharp.Models.Errors.GetInfoError.Flag">
            <summary>
            	The unknown flag
            </summary>
        </member>
        <member name="T:VndbSharp.Models.Errors.GetTypeError">
            <summary>
            	Unknown type argument in a "get" command
            </summary>
        </member>
        <member name="T:VndbSharp.Models.Errors.InvalidFilterError">
            <summary>
            	Unknown filter field or invalid combination of field / operator / argument type
            </summary>
        </member>
        <member name="P:VndbSharp.Models.Errors.InvalidFilterError.Field">
            <summary>
            	The field given
            </summary>
        </member>
        <member name="P:VndbSharp.Models.Errors.InvalidFilterError.Operator">
            <summary>
            	The operator given
            </summary>
        </member>
        <member name="P:VndbSharp.Models.Errors.InvalidFilterError.Value">
            <summary>
            	The value given
            </summary>
        </member>
        <member name="T:VndbSharp.Models.Errors.LibraryError">
            <summary>
            	An error occured in the VndbSharp Library
            </summary>
        </member>
        <member name="T:VndbSharp.Models.Errors.LoggedInError">
            <summary>
            	Already Logged in, Only one successful login command can be issued on one connection
            </summary>
        </member>
        <member name="T:VndbSharp.Models.Errors.LoginRequiredError">
            <summary>
            	You need to be logged in to use this command
            </summary>
        </member>
        <member name="T:VndbSharp.Models.Errors.MissingError">
            <summary>
            	A JSON object argument is missing a required member.
            </summary>
        </member>
        <member name="P:VndbSharp.Models.Errors.MissingError.Field">
            <summary>
            	The field that is incorrect
            </summary>
        </member>
        <member name="T:VndbSharp.Models.Errors.ParseError">
            <summary>
            	A Syntax Error occured, and Vndb API could not understand the request
            </summary>
        </member>
        <member name="T:VndbSharp.Models.Errors.ThrottledError">
            <summary>
            	The Throttled Error. Occurs when the Vndb API is throttling you
            </summary>
        </member>
        <member name="P:VndbSharp.Models.Errors.ThrottledError.ThrottledType">
            <summary>
            	The type of Throttling that occured
            </summary>
        </member>
        <member name="P:VndbSharp.Models.Errors.ThrottledError.MinimumWait">
            <summary>
            	<para>How long until you can start sending commands again</para>
            	<para>To check, do a comparsion of if (<see cref="P:System.DateTime.Now"/> > <see cref="P:VndbSharp.Models.Errors.ThrottledError.MinimumWait"/>)</para>
            </summary>
        </member>
        <member name="P:VndbSharp.Models.Errors.ThrottledError.FullWait">
            <summary>
            	<para>The recommended amount of time to wait before sending commands again</para>
            	<para>To check, do a comparsion of 'if (<see cref="P:System.DateTime.Now"/> > <see cref="P:VndbSharp.Models.Errors.ThrottledError.FullWait"/>)'</para>
            </summary>
        </member>
        <member name="T:VndbSharp.Models.Errors.ThrottledType">
            <summary>
            	Represents the type of Throttling that occured
            </summary>
        </member>
        <member name="F:VndbSharp.Models.Errors.ThrottledType.Unknown">
            <summary>
            	VndbSharp was unable to determine the Throttle Type
            </summary>
        </member>
        <member name="F:VndbSharp.Models.Errors.ThrottledType.Command">
            <summary>
            	The throttle is due to exceeding the commands / 10 minute limit
            </summary>
        </member>
        <member name="F:VndbSharp.Models.Errors.ThrottledType.Sql">
            <summary>
            	The throttle is due to exceeding the sql time / minute limit
            </summary>
        </member>
        <member name="P:VndbSharp.Models.FilterOperator.Equal">
            <summary>
            	= Operator
            </summary>
        </member>
        <member name="P:VndbSharp.Models.FilterOperator.NotEqual">
            <summary>
            	!= Operator
            </summary>
        </member>
        <member name="P:VndbSharp.Models.FilterOperator.GreaterThan">
            <summary>
            	> Operator
            </summary>
        </member>
        <member name="P:VndbSharp.Models.FilterOperator.LessThan">
            <summary>
            	&lt; Operator
            </summary>
        </member>
        <member name="P:VndbSharp.Models.FilterOperator.GreaterOrEqual">
            <summary>
            	>= Operator
            </summary>
        </member>
        <member name="P:VndbSharp.Models.FilterOperator.LessOrEqual">
            <summary>
            	&lt;= Operator
            </summary>
        </member>
        <member name="P:VndbSharp.Models.FilterOperator.Fuzzy">
            <summary>
            	~ Operator
            </summary>
        </member>
        <member name="P:VndbSharp.Models.Release.Release.Gtin">
            <summary>
            	JAN/UPC/EAN code.
            </summary>
        </member>
        <member name="P:VndbSharp.Models.Release.Release.Animation">
            <summary>
            	The array has two integer members, the first one indicating the story animations, the second the ero scene animations. Both members can be null if unknown or not applicable.
            </summary>
        </member>
        <member name="P:VndbSharp.Models.Staff.StaffVns.Role">
            <summary>
            	The role they served as staff
            </summary>
        </member>
        <member name="P:VndbSharp.Models.Staff.StaffVns.Note">
            <summary>
            	Contains more info on their role as staff
            </summary>
        </member>
        <member name="P:VndbSharp.Models.VisualNovel.StaffMetadata.Role">
            <summary>
            	The role they served as staff
            </summary>
        </member>
        <member name="P:VndbSharp.Models.VisualNovel.StaffMetadata.Note">
            <summary>
            	Contains more info on their role as staff
            </summary>
        </member>
        <member name="T:VndbSharp.Models.VndbFlags">
            <summary>
            	The Flag Values for Commands
            </summary>
        </member>
        <member name="F:VndbSharp.Models.VndbFlags.Basic">
            <summary>
            	<para>The most basic of information for the command</para>
            	<para>Valid on: Vn, Release, Producer, Character, User, Votelist, Vnlist, Wishlist</para>
            </summary>
        </member>
        <member name="F:VndbSharp.Models.VndbFlags.Details">
            <summary>
            	<para>Provides more detailed information</para>
            	<para>Valid on: Vn, Release, Producer, Character</para>
            </summary>
        </member>
        <member name="F:VndbSharp.Models.VndbFlags.Anime">
            <summary>
            	<para>Provides metadata of anime adaptions for the visual novel</para>
            	<para>Valid on: Vn</para>
            </summary>
        </member>
        <member name="F:VndbSharp.Models.VndbFlags.Relations">
            <summary>
            	<para>Provides metadata on related visual novel(s)</para>
            	<para>Valid on: Vn, Producer</para>
            </summary>
        </member>
        <member name="F:VndbSharp.Models.VndbFlags.Tags">
            <summary>
            	<para>Provides a list of tag metadata linked to the visual novel</para>
            	<para>Valid on: Vn</para>
            </summary>
        </member>
        <member name="F:VndbSharp.Models.VndbFlags.Stats">
            <summary>
            	<para>Provides user voting stats</para>
            	<para>Valid on: Vn</para>
            </summary>
        </member>
        <member name="F:VndbSharp.Models.VndbFlags.Screenshots">
            <summary>
            	<para>Provides screenshot metadata</para>
            	<para>Valid on: Vn</para>
            </summary>
        </member>
        <member name="F:VndbSharp.Models.VndbFlags.VisualNovels">
            <summary>
            	<para>Provides visual novel metadata</para>
            	<para>Valid on: Release, Character</para>
            </summary>
        </member>
        <member name="F:VndbSharp.Models.VndbFlags.Producers">
            <summary>
            	<para>Provides producers metadata</para>
            	<para>Valid on: Release</para>
            </summary>
        </member>
        <member name="F:VndbSharp.Models.VndbFlags.Measurements">
            <summary>
            	<para>Provides the characters 3 sizes, height and weight</para>
            	<para>Valid on: Release, Producer, Character</para>
            </summary>
        </member>
        <member name="F:VndbSharp.Models.VndbFlags.Traits">
            <summary>
            	<para>Provides the metadata for the traits linked to the character</para>
            	<para>Valid on: Character</para>
            </summary>
        </member>
        <member name="F:VndbSharp.Models.VndbFlags.Staff">
            <summary>
            	<para>Provides the staff who worked on the VN</para>
            	<para>Valid on: Vn</para>
            </summary>
        </member>
        <member name="F:VndbSharp.Models.VndbFlags.Voiced">
            <summary>
            	<para>Provides the list of voice actresses who worked on the VN</para>
            	<para>Valid on: Character, Staff</para>
            </summary>
        </member>
        <member name="F:VndbSharp.Models.VndbFlags.Aliases">
            <summary>
            	<para>Provides the aliases of the staff who worked on the VN</para>
            	<para>Valid on: Staff</para>
            </summary>
        </member>
        <member name="F:VndbSharp.Models.VndbFlags.FullVisualNovel">
            <summary>
            	Equivlant to <see cref="F:VndbSharp.Models.VndbFlags.Basic"/> | <see cref="F:VndbSharp.Models.VndbFlags.Details"/> | <see cref="F:VndbSharp.Models.VndbFlags.Anime"/> | <see cref="F:VndbSharp.Models.VndbFlags.Relations"/> | <see cref="F:VndbSharp.Models.VndbFlags.Tags"/> | <see cref="F:VndbSharp.Models.VndbFlags.Stats"/> | <see cref="F:VndbSharp.Models.VndbFlags.Screenshots"/> | <see cref="F:VndbSharp.Models.VndbFlags.Staff"/>
            </summary>
        </member>
        <member name="F:VndbSharp.Models.VndbFlags.FullRelease">
            <summary>
            	Equivlant to <see cref="F:VndbSharp.Models.VndbFlags.Basic"/> | <see cref="F:VndbSharp.Models.VndbFlags.Details"/> | <see cref="N:VndbSharp.Models.VisualNovel"/> | <see cref="F:VndbSharp.Models.VndbFlags.Producers"/>
            </summary>
        </member>
        <member name="F:VndbSharp.Models.VndbFlags.FullProducer">
            <summary>
            	Equivlant to <see cref="F:VndbSharp.Models.VndbFlags.Basic"/> | <see cref="F:VndbSharp.Models.VndbFlags.Details"/> | <see cref="F:VndbSharp.Models.VndbFlags.Relations"/>
            </summary>
        </member>
        <member name="F:VndbSharp.Models.VndbFlags.FullCharacter">
            <summary>
            	Equivlant to <see cref="F:VndbSharp.Models.VndbFlags.Basic"/> | <see cref="F:VndbSharp.Models.VndbFlags.Details"/> | <see cref="F:VndbSharp.Models.VndbFlags.Measurements"/> | <see cref="F:VndbSharp.Models.VndbFlags.Traits"/> | <see cref="F:VndbSharp.Models.VndbFlags.VisualNovels" /> | <see cref="F:VndbSharp.Models.VndbFlags.Voiced"/>
            </summary>
        </member>
        <member name="F:VndbSharp.Models.VndbFlags.FullStaff">
            <summary>
            	Equivlant to <see cref="F:VndbSharp.Models.VndbFlags.Basic"/> | <see cref="F:VndbSharp.Models.VndbFlags.Details"/> | <see cref="F:VndbSharp.Models.VndbFlags.VisualNovels"/> | <see cref="F:VndbSharp.Models.VndbFlags.Voiced" />
            </summary>
        </member>
        <member name="F:VndbSharp.Models.VndbFlags.FullUser">
            <summary>
            	Equivlant to <see cref="F:VndbSharp.Models.VndbFlags.Basic"/>
            </summary>
        </member>
        <member name="F:VndbSharp.Models.VndbFlags.FullVotelist">
            <summary>
            	Equivlant to <see cref="F:VndbSharp.Models.VndbFlags.Basic"/>
            </summary>
        </member>
        <member name="F:VndbSharp.Models.VndbFlags.FullVisualNovelList">
            <summary>
            	Equivlant to <see cref="F:VndbSharp.Models.VndbFlags.Basic"/>
            </summary>
        </member>
        <member name="F:VndbSharp.Models.VndbFlags.FullWishlist">
            <summary>
            	Equivlant to <see cref="F:VndbSharp.Models.VndbFlags.Basic"/>
            </summary>
        </member>
        <member name="M:VndbSharp.Models.VndbResponse`1.GetEnumerator">
            <inheritdoc cref="M:System.Collections.Generic.IEnumerable`1.GetEnumerator"/>
        </member>
        <member name="T:VndbSharp.Vndb">
            <summary>
            	The main class to issue get and set commands to the Vndb API with
            </summary>
        </member>
        <member name="M:VndbSharp.Vndb.#ctor(System.Boolean)">
            <summary>
            	Creates a new instance of the Vndb class, to issue commands to the API
            </summary>
            <param name="useTls">Should the connection to the API be secure</param>
        </member>
        <member name="M:VndbSharp.Vndb.DoRawAsync(System.String)">
            <summary>
            	Issues the provided command to the Vndb API
            </summary>
            <param name="command">The command you want to issue</param>
            <returns>The raw result of the command unparsed, or the String representation of the exception that occured</returns>
        </member>
        <member name="P:VndbSharp.Vndb.SendBufferSize">
            <inheritdoc cref="P:System.Net.Sockets.TcpClient.SendBufferSize"/>
        </member>
        <member name="P:VndbSharp.Vndb.ReceiveBufferSize">
            <inheritdoc cref="P:System.Net.Sockets.TcpClient.ReceiveBufferSize"/>
        </member>
        <member name="P:VndbSharp.Vndb.SendTimeout">
            <inheritdoc cref="P:System.Net.Sockets.TcpClient.SendTimeout"/>
        </member>
        <member name="P:VndbSharp.Vndb.ReceiveTimeout">
            <inheritdoc cref="P:System.Net.Sockets.TcpClient.ReceiveTimeout"/>
        </member>
        <member name="P:VndbSharp.Vndb.UseTls">
            <summary>
            	Should the Connection to the Vndb API be done over a secure stream
            </summary>
            <exception cref="T:System.InvalidOperationException">When trying to change UseTls while logged in.</exception>
        </member>
        <member name="P:VndbSharp.Vndb.CheckFlags">
            <summary>
            	Sets whether <see cref="T:VndbSharp.Models.VndbFlags"/> should be checked before being sent
            </summary>
        </member>
        <member name="F:VndbSharp.Vndb.LoggedIn">
            <summary>
            	Indicates if the instance has logged in yet or not
            </summary>
        </member>
        <member name="F:VndbSharp.Vndb.CancellationTokenSource">
            <summary>
            	The <see cref="T:System.Threading.CancellationToken"/> Source for all Async Tasks.
            </summary>
        </member>
        <member name="F:VndbSharp.Vndb.LastError">
            <summary>
            	The last error that occured will be stored here until another command is sent
            </summary>
        </member>
        <member name="F:VndbSharp.Vndb.Stream">
            <summary>
            	The Connections Stream, for Reading and Writing
            </summary>
        </member>
        <member name="F:VndbSharp.Vndb.LastErrorJson">
            <summary>
            	The raw json of the last error.
            </summary>
        </member>
        <member name="F:VndbSharp.Vndb.Client">
            <summary>
            	The Connections Client
            </summary>
        </member>
        <member name="M:VndbSharp.Vndb.WithClientDetails(System.String,System.Version)">
            <summary>
            	A helper method to set the Client Name and Client Version sent to the Vndb Api
            </summary>
            <param name="clientName">The name of your client</param>
            <param name="clientVersion">The version of your client</param>
            <returns>The <see cref="T:VndbSharp.Vndb"/> instance</returns>
        </member>
        <member name="M:VndbSharp.Vndb.WithClientDetails(System.String,System.String)">
            <summary>
            	A helper method to set the Client Name and Client Version sent to the Vndb Api
            </summary>
            <param name="clientName">The name of your client</param>
            <param name="clientVersion">The version of your client. Valid values: a-z 0-9 _ . / -</param>
            <returns>The <see cref="T:VndbSharp.Vndb"/> instance</returns>
            <exception cref="T:System.ArgumentOutOfRangeException">When <paramref name="clientVersion"/> is not a valid <see cref="T:System.Version"/></exception>
        </member>
        <member name="M:VndbSharp.Vndb.WithFlagsCheck(System.Boolean)">
            <summary>
            	Sets whether <see cref="T:VndbSharp.Models.VndbFlags"/> should be checked before being sent
            </summary>
            <param name="checkFlags">Should <see cref="T:VndbSharp.Models.VndbFlags"/> be checked before being sent</param>
            <returns>The <see cref="T:VndbSharp.Vndb"/> instance</returns>
        </member>
        <member name="M:VndbSharp.Vndb.WithFlagsCheck(System.Boolean,System.Action{System.String,VndbSharp.Models.VndbFlags,VndbSharp.Models.VndbFlags})">
            <summary>
            	Sets whether <see cref="T:VndbSharp.Models.VndbFlags"/> should be checked before being sent, and provides a callback to retrieve the invalid flags
            </summary>
            <param name="checkFlags">Should <see cref="T:VndbSharp.Models.VndbFlags"/> be checked before being sent</param>
            <param name="invalidCallback">A callback with which the Method, Provided Flags, and Invalid Flags will be passed to when the Flags are Invalid</param>
            <returns>The <see cref="T:VndbSharp.Vndb"/> instance</returns>
        </member>
        <member name="M:VndbSharp.Vndb.ParseError(System.String)">
            <summary>
            	Parses a Vndb Error json result to determine the error, and stores it at <see cref="F:VndbSharp.Vndb.LastError"/>
            </summary>
            <param name="json">The Error json</param>
        </member>
        <member name="M:VndbSharp.Vndb.GetLastErrorJson">
            <summary>
            	Returns the Json of the last error to occur
            </summary>
            <returns>Returns the Json of the last error to occur</returns>
        </member>
        <member name="M:VndbSharp.Vndb.GetLastError">
            <summary>
            	Returns a <see cref="T:VndbSharp.Interfaces.IVndbError"/> of the last error to occur
            </summary>
            <returns>Returns a <see cref="T:VndbSharp.Interfaces.IVndbError"/> of the last error to occur</returns>
        </member>
        <member name="M:VndbSharp.Vndb.SendGetRequestInternalAsync``1(System.Byte[])">
            <summary>
            	<para>The most generic get request helper.</para>
            	<para>It takes the request data, ensures the user is logged in (and logs them in if they are not), then sends the request and recieves the response</para>
            	<para>Once the response is recieved, it checks to see if it is a known response, and returns an approiate Model or sets the Error and returns null</para>
            </summary>
            <typeparam name="T">The Model to return if the response is a result set</typeparam>
            <param name="requestData">The request to send to the Vndb Api</param>
            <returns><typeparamref name="T"/> or null</returns>
        </member>
        <member name="M:VndbSharp.Vndb.SendSetRequestInternalAsync(System.String,System.UInt32,System.Object,System.Boolean)">
            <summary>
            	<para>The generic set request helper</para>
            	<para>It takes the data to send to the Vndb API, and encodes it then sends the data and recieves a response</para>
            	<para>Once a response is received, it checks to see if it is a known response, and returns an approiate Model or sets the Error and returns null</para>
            </summary>
            <param name="method">The method to use</param>
            <param name="id">The Id of the Visual Novel</param>
            <param name="data">The data to be json encoded</param>
            <param name="includeNulls">Should null values be included in the request</param>
            <returns>True if the set method was a success, false otherwise</returns>
        </member>
        <member name="M:VndbSharp.Vndb.SendDataAsync(System.Byte[],System.Threading.CancellationToken)">
            <summary>
            	Sends the request to the Vndb Api by writing to the <see cref="F:VndbSharp.Vndb.Stream"/>
            </summary>
            <param name="data"></param>
            <param name="cancellationToken"></param>
            <returns></returns>
        </member>
        <member name="M:VndbSharp.Vndb.GetResponseAsync(System.Threading.CancellationToken)">
            <summary>
            	Gets the response from the Vndb Api by reading to the <see cref="F:VndbSharp.Vndb.Stream"/>
            </summary>
            <param name="cancellationToken">The CancellationToken used while reading and writing</param>
            <returns>The raw response as a String</returns>
        </member>
        <member name="M:VndbSharp.Vndb.FormatRequest(System.String)">
            <summary>
            	Formats a request with the Terminating Character
            </summary>
            <param name="data">The data to append the Terminating Character to</param>
            <returns>A string that ends with 0x04</returns>
        </member>
        <member name="M:VndbSharp.Vndb.FormatRequest``1(System.String,``0,System.Boolean)">
            <summary>
            	Converts an object to json and formats the request with the Terminating CharacrmatRequest(System.String)">
            <summary>
            	Formats a request with the Terminating Character
            </summary>
            <param name="data">The data to append the Terminating Character to</param>
            <returns>A string that ends with 0x04</returns>
        </member>
        <member name="M:VndbSharp.Vndb.FormatRequest``1(System.String,``0,System.Boolean)">
            <summary>
            	Converts an object to json and formats the request with the Terminating Character
            </summary>
            <param name="prefix">What to put before the <paramref name="data"/></param>
            <param name="data">The object to be Json Encoded for transmission</param>
            <param name="includeNull">Indicates if null values should be allowed</param>
            <returns>A formatted string that ends with 0x04</returns>
        </member>
        <member name="M:VndbSharp.Vndb.GetBytes(System.String)">
            <inheritdoc cref="M:System.Text.Encoding.GetBytes(System.String)"/>
        </member>
        <member name="M:VndbSharp.Vndb.GetString(System.Byte[])">
            <inheritdoc cref="M:System.Text.Encoding.GetString(System.Byte[])"/>
        </member>
        <member name="M:VndbSharp.Vndb.Dispose">
            <summary>
            	Disposes of the current instance
            </summary>
        </member>
        <member name="M:VndbSharp.Vndb.System#IDisposable#Dispose">
            <summary>
            	Disposes of the current instance
            </summary>
        </member>
        <member name="M:VndbSharp.Vndb.Dispose(System.Boolean)">
            <summary>
            	Disposes of all IDisposable properties
            </summary>
        </member>
        <member name="M:VndbSharp.Vndb.Logout">
            <summary>
            	Completely logout, disposing of any stored passwords as well of the connection
            </summary>
        </member>
        <member name="M:VndbSharp.Vndb.LoginAsync">
            <summary>
            	Attempts to login to the Vndb API, including making the initial connection, optionally connecting via a SslStream and sending the Login Request itself
            </summary>
            <returns>True if already logged in, or successfully logged in. Otherwise false.</returns>
        </member>
        <member name="M:VndbSharp.Vndb.InitializeClient">
            <summary>
            	Disposes the old state of the Vndb class, and re-creates the internal <see cref="T:System.Net.Sockets.TcpClient"/>
            </summary>
        </member>
        <member name="M:VndbSharp.Vndb.RenewCts">
            <summary>
            	Disposes of the old CancellationTokenSource if it exists, and assigns a new one to <see cref="F:VndbSharp.Vndb.CancellationTokenSource"/>
            </summary>
        </member>
        <member name="T:VndbSharp.VndbFilters.Traits">
            <summary>
            	<para>Find chars by traits. When providing an array of ints, the '=' filter will return chars that are linked to any (not all) of the given traits, the '!=' filter will return chars that are not linked to any of the given traits. You can combine multiple trait filters with 'and' and 'or' to get the exact behavior you need.</para>
            	<para>This filter may used cached data, it may take up to 24 hours before a char entry will have its traits updated with respect to this filter.</para>
            	<para>Chars that are linked to childs of the given trait are also included.</para>
            	<para>Be warned that this filter ignores spoiler settings, fetch the traits associated with the returned char to verify the spoiler level.</para>
            </summary>
        </member>
        <member name="T:VndbSharp.VndbUtils">
            <summary>
            	Some misc utilities such as retrieving the Database Dumps
            </summary>
        </member>
        <member name="P:VndbSharp.VndbUtils.BufferSize">
            <summary>
            	The Size of the Buffer to use when Downloading the Dumps
            </summary>
        </member>
        <member name="M:VndbSharp.VndbUtils.WithHttpMessageHandler(System.Func{System.Threading.Tasks.Task{System.Net.Http.HttpMessageHandler}})">
            <summary>
            Sets the callback to create a HttpMessageHandler instance for the HttpClient
            </summary>
        </member>
        <member name="M:VndbSharp.VndbUtils.GetTagsDumpAsync">
            <summary>
            	Downloads and Parses the Tag Dump from Vndb
            </summary>
            <returns>An <see cref="T:System.Collections.Generic.IEnumerable`1"/> of <see cref="T:VndbSharp.Models.Dumps.Tag"/></returns>
            <exception cref="T:System.Net.Http.HttpRequestException">Occurs when the tags.json.gz file returns a non-success status</exception>
        </member>
        <member name="M:VndbSharp.VndbUtils.GetTraitsDumpAsync">
            <summary>
            	Downloads and Parses the Traits Dump from Vndb
            </summary>
            <returns>An <see cref="T:System.Collections.Generic.IEnumerable`1"/> of <see cref="T:VndbSharp.Models.Dumps.Trait"/></returns>
            <exception cref="T:System.Net.Http.HttpRequestException">Occurs when the traits.json.gz file returns a non-success status</exception>
        </member>
        <member name="M:VndbSharp.VndbUtils.GetVotesDumpAsync(VndbSharp.Models.Dumps.VoteDumpVersion)">
            <summary>
            	Downloads and PArses the Votes Dump from Vndb
            </summary>
            <param name="version">The version of the Votes Dump to grab</param>
            <returns>An <see cref="T:System.Collections.Generic.IEnumerable`1"/> of <see cref="T:VndbSharp.Models.Dumps.Vote"/></returns>
            <exception cref="T:System.Net.Http.HttpRequestException">Occurs when the votes.gz file returns a non-success status</exception>
        </member>
    </members>
</doc>
